Exercice;Section;D/R;Fonction;Libellé fonction;Nature; BP2015 
2015;F;D;020;ADMINISTRATION GENERALE DE LA COLLECTIVITE;6042; 454 000,00    
2015;F;D;020;ADMINISTRATION GENERALE DE LA COLLECTIVITE;60611; 760 000,00    
2015;F;D;020;ADMINISTRATION GENERALE DE LA COLLECTIVITE;60612; 873 688,00    
2015;F;D;020;ADMINISTRATION GENERALE DE LA COLLECTIVITE;60621; 25 000,00    
2015;F;D;020;ADMINISTRATION GENERALE DE LA COLLECTIVITE;60622; 525 000,00    
2015;F;D;020;ADMINISTRATION GENERALE DE LA COLLECTIVITE;60623; 2 000,00    
2015;F;D;020;ADMINISTRATION GENERALE DE LA COLLECTIVITE;60624; 1 250,00    
2015;F;D;020;ADMINISTRATION GENERALE DE LA COLLECTIVITE;60628; 300 084,00    
2015;F;D;020;ADMINISTRATION GENERALE DE LA COLLECTIVITE;60631; 389 880,00    
2015;F;D;020;ADMINISTRATION GENERALE DE LA COLLECTIVITE;60632; 641 584,00    
2015;F;D;020;ADMINISTRATION GENERALE DE LA COLLECTIVITE;60636; 49 497,00    
2015;F;D;020;ADMINISTRATION GENERALE DE LA COLLECTIVITE;6064; 470 697,00    
2015;F;D;020;ADMINISTRATION GENERALE DE LA COLLECTIVITE;611; 553 525,00    
2015;F;D;020;ADMINISTRATION GENERALE DE LA COLLECTIVITE;6132; 1 233 533,00    
2015;F;D;020;ADMINISTRATION GENERALE DE LA COLLECTIVITE;6135; 14 880,00    
2015;F;D;020;ADMINISTRATION GENERALE DE LA COLLECTIVITE;614; 1 332 000,00    
2015;F;D;020;ADMINISTRATION GENERALE DE LA COLLECTIVITE;61521; 38 200,00    
2015;F;D;020;ADMINISTRATION GENERALE DE LA COLLECTIVITE;61522; 544 015,00    
2015;F;D;020;ADMINISTRATION GENERALE DE LA COLLECTIVITE;61523; 52 000,00    
2015;F;D;020;ADMINISTRATION GENERALE DE LA COLLECTIVITE;61551; 155 000,00    
2015;F;D;020;ADMINISTRATION GENERALE DE LA COLLECTIVITE;61558; 24 700,00    
2015;F;D;020;ADMINISTRATION GENERALE DE LA COLLECTIVITE;6156; 1 540 198,00    
2015;F;D;020;ADMINISTRATION GENERALE DE LA COLLECTIVITE;616; 1 098 600,00    
2015;F;D;020;ADMINISTRATION GENERALE DE LA COLLECTIVITE;617; 382 008,00    
2015;F;D;020;ADMINISTRATION GENERALE DE LA COLLECTIVITE;6182; 108 600,00    
2015;F;D;020;ADMINISTRATION GENERALE DE LA COLLECTIVITE;6184; 495 000,00    
2015;F;D;020;ADMINISTRATION GENERALE DE LA COLLECTIVITE;6185; 4 000,00    
2015;F;D;020;ADMINISTRATION GENERALE DE LA COLLECTIVITE;6188; 520 660,00    
2015;F;D;020;ADMINISTRATION GENERALE DE LA COLLECTIVITE;6218; 39 000,00    
2015;F;D;020;ADMINISTRATION GENERALE DE LA COLLECTIVITE;6225; 14 000,00    
2015;F;D;020;ADMINISTRATION GENERALE DE LA COLLECTIVITE;6226; 63 020,00    
2015;F;D;020;ADMINISTRATION GENERALE DE LA COLLECTIVITE;6227; 320 300,00    
2015;F;D;020;ADMINISTRATION GENERALE DE LA COLLECTIVITE;6231; 335 000,00    
2015;F;D;020;ADMINISTRATION GENERALE DE LA COLLECTIVITE;6232; 59 472,00    
2015;F;D;020;ADMINISTRATION GENERALE DE LA COLLECTIVITE;6236; 28 050,00    
2015;F;D;020;ADMINISTRATION GENERALE DE LA COLLECTIVITE;6237; 422 000,00    
2015;F;D;020;ADMINISTRATION GENERALE DE LA COLLECTIVITE;6238; 133 356,00    
2015;F;D;020;ADMINISTRATION GENERALE DE LA COLLECTIVITE;6241; 1 000,00    
2015;F;D;020;ADMINISTRATION GENERALE DE LA COLLECTIVITE;6244; 31 600,00    
2015;F;D;020;ADMINISTRATION GENERALE DE LA COLLECTIVITE;6247; 500,00    
2015;F;D;020;ADMINISTRATION GENERALE DE LA COLLECTIVITE;6251; 25 000,00    
2015;F;D;020;ADMINISTRATION GENERALE DE LA COLLECTIVITE;6255; 34 665,00    
2015;F;D;020;ADMINISTRATION GENERALE DE LA COLLECTIVITE;6256; 110 500,00    
2015;F;D;020;ADMINISTRATION GENERALE DE LA COLLECTIVITE;6257; 5 000,00    
2015;F;D;020;ADMINISTRATION GENERALE DE LA COLLECTIVITE;6261; 393 170,00    
2015;F;D;020;ADMINISTRATION GENERALE DE LA COLLECTIVITE;6262; 438 000,00    
2015;F;D;020;ADMINISTRATION GENERALE DE LA COLLECTIVITE;627; 9 425,00    
2015;F;D;020;ADMINISTRATION GENERALE DE LA COLLECTIVITE;6281; 90 180,00    
2015;F;D;020;ADMINISTRATION GENERALE DE LA COLLECTIVITE;6282; 524 850,00    
2015;F;D;020;ADMINISTRATION GENERALE DE LA COLLECTIVITE;6283; 323 000,00    
2015;F;D;020;ADMINISTRATION GENERALE DE LA COLLECTIVITE;62878; 54 000,00    
2015;F;D;020;ADMINISTRATION GENERALE DE LA COLLECTIVITE;6288; 4 000,00    
2015;F;D;020;ADMINISTRATION GENERALE DE LA COLLECTIVITE;6331; 309 646,00    
2015;F;D;020;ADMINISTRATION GENERALE DE LA COLLECTIVITE;6336; 927 173,00    
2015;F;D;020;ADMINISTRATION GENERALE DE LA COLLECTIVITE;63512; 998 000,00    
2015;F;D;020;ADMINISTRATION GENERALE DE LA COLLECTIVITE;6355; 8 500,00    
2015;F;D;020;ADMINISTRATION GENERALE DE LA COLLECTIVITE;637; 15 350,00    
2015;F;D;020;ADMINISTRATION GENERALE DE LA COLLECTIVITE;64111; 14 825 168,00    
2015;F;D;020;ADMINISTRATION GENERALE DE LA COLLECTIVITE;64112; 426 840,00    
2015;F;D;020;ADMINISTRATION GENERALE DE LA COLLECTIVITE;64118; 3 990 602,00    
2015;F;D;020;ADMINISTRATION GENERALE DE LA COLLECTIVITE;64131; 2 009 954,00    
2015;F;D;020;ADMINISTRATION GENERALE DE LA COLLECTIVITE;64162; 109 726,00    
2015;F;D;020;ADMINISTRATION GENERALE DE LA COLLECTIVITE;6451; 2 919 453,00    
2015;F;D;020;ADMINISTRATION GENERALE DE LA COLLECTIVITE;6453; 4 557 382,00    
2015;F;D;020;ADMINISTRATION GENERALE DE LA COLLECTIVITE;6456; 100 000,00    
2015;F;D;020;ADMINISTRATION GENERALE DE LA COLLECTIVITE;64731; 230 857,00    
2015;F;D;020;ADMINISTRATION GENERALE DE LA COLLECTIVITE;6475; 290 310,00    
2015;F;D;020;ADMINISTRATION GENERALE DE LA COLLECTIVITE;6488; 1 060 265,00    
2015;F;D;020;ADMINISTRATION GENERALE DE LA COLLECTIVITE;6574; 1 013 958,00    
2015;F;D;020;ADMINISTRATION GENERALE DE LA COLLECTIVITE;658; 45 500,00    
2015;F;D;020;ADMINISTRATION GENERALE DE LA COLLECTIVITE;6712; 1 000,00    
2015;F;D;020;ADMINISTRATION GENERALE DE LA COLLECTIVITE;6718; 5 667 112,00    
2015;F;D;020;ADMINISTRATION GENERALE DE LA COLLECTIVITE;678; 130 300,00    
2015;F;D;021;ASSEMBLEE LOCALE;6331; 24 556,00    
2015;F;D;021;ASSEMBLEE LOCALE;64111; 380 347,00    
2015;F;D;021;ASSEMBLEE LOCALE;64112; 6 012,00    
2015;F;D;021;ASSEMBLEE LOCALE;64118; 171 449,00    
2015;F;D;021;ASSEMBLEE LOCALE;64131; 19 591,00    
2015;F;D;021;ASSEMBLEE LOCALE;6451; 323 919,00    
2015;F;D;021;ASSEMBLEE LOCALE;6453; 130 139,00    
2015;F;D;021;ASSEMBLEE LOCALE;64731; 2 189,00    
2015;F;D;021;ASSEMBLEE LOCALE;6488; 25 104,00    
2015;F;D;021;ASSEMBLEE LOCALE;6531; 1 028 766,00    
2015;F;D;021;ASSEMBLEE LOCALE;6532; 25 000,00    
2015;F;D;021;ASSEMBLEE LOCALE;6533; 78 811,00    
2015;F;D;021;ASSEMBLEE LOCALE;6535; 40 000,00    
2015;F;D;022;ADMINISTRATION GENERALE DE L'ETAT;60628; 1 200,00    
2015;F;D;022;ADMINISTRATION GENERALE DE L'ETAT;60631; 350,00    
2015;F;D;022;ADMINISTRATION GENERALE DE L'ETAT;60632; 800,00    
2015;F;D;022;ADMINISTRATION GENERALE DE L'ETAT;6064; 26 000,00    
2015;F;D;022;ADMINISTRATION GENERALE DE L'ETAT;6156; 15 400,00    
2015;F;D;022;ADMINISTRATION GENERALE DE L'ETAT;6188; 5 000,00    
2015;F;D;022;ADMINISTRATION GENERALE DE L'ETAT;6261; 7 500,00    
2015;F;D;022;ADMINISTRATION GENERALE DE L'ETAT;6331; 42 768,00    
2015;F;D;022;ADMINISTRATION GENERALE DE L'ETAT;637; 300,00    
2015;F;D;022;ADMINISTRATION GENERALE DE L'ETAT;64111; 2 047 554,00    
2015;F;D;022;ADMINISTRATION GENERALE DE L'ETAT;64112; 113 787,00    
2015;F;D;022;ADMINISTRATION GENERALE DE L'ETAT;64118; 428 225,00    
2015;F;D;022;ADMINISTRATION GENERALE DE L'ETAT;64131; 54 903,00    
2015;F;D;022;ADMINISTRATION GENERALE DE L'ETAT;64162; 22 047,00    
2015;F;D;022;ADMINISTRATION GENERALE DE L'ETAT;6451; 374 197,00    
2015;F;D;022;ADMINISTRATION GENERALE DE L'ETAT;6453; 654 348,00    
2015;F;D;022;ADMINISTRATION GENERALE DE L'ETAT;64731; 75 730,00    
2015;F;D;022;ADMINISTRATION GENERALE DE L'ETAT;6488; 123 468,00    
2015;F;D;023;INFORMATION, COMMUNICATION, PUBLICITE;6135; 20 000,00    
2015;F;D;023;INFORMATION, COMMUNICATION, PUBLICITE;6182; 5 000,00    
2015;F;D;023;INFORMATION, COMMUNICATION, PUBLICITE;6188; 273 700,00    
2015;F;D;023;INFORMATION, COMMUNICATION, PUBLICITE;6232; 55 000,00    
2015;F;D;023;INFORMATION, COMMUNICATION, PUBLICITE;6233; 153 650,00    
2015;F;D;023;INFORMATION, COMMUNICATION, PUBLICITE;6236; 49 269,00    
2015;F;D;023;INFORMATION, COMMUNICATION, PUBLICITE;6237; 316 090,00    
2015;F;D;023;INFORMATION, COMMUNICATION, PUBLICITE;6238; 7 000,00    
2015;F;D;023;INFORMATION, COMMUNICATION, PUBLICITE;6282; 5 885,00    
2015;F;D;023;INFORMATION, COMMUNICATION, PUBLICITE;6331; 17 777,00    
2015;F;D;023;INFORMATION, COMMUNICATION, PUBLICITE;637; 1 000,00    
2015;F;D;023;INFORMATION, COMMUNICATION, PUBLICITE;64111; 1 160 994,00    
2015;F;D;023;INFORMATION, COMMUNICATION, PUBLICITE;64112; 11 242,00    
2015;F;D;023;INFORMATION, COMMUNICATION, PUBLICITE;64118; 204 566,00    
2015;F;D;023;INFORMATION, COMMUNICATION, PUBLICITE;64131; 320 871,00    
2015;F;D;023;INFORMATION, COMMUNICATION, PUBLICITE;6451; 193 757,00    
2015;F;D;023;INFORMATION, COMMUNICATION, PUBLICITE;6453; 199 560,00    
2015;F;D;023;INFORMATION, COMMUNICATION, PUBLICITE;64731; 48 526,00    
2015;F;D;023;INFORMATION, COMMUNICATION, PUBLICITE;6488; 34 314,00    
2015;F;D;024;FETES ET CEREMONIES;60623; 44 000,00    
2015;F;D;024;FETES ET CEREMONIES;60628; 22 604,00    
2015;F;D;024;FETES ET CEREMONIES;60631; 3 040,00    
2015;F;D;024;FETES ET CEREMONIES;60632; 17 804,00    
2015;F;D;024;FETES ET CEREMONIES;60636; 20 400,00    
2015;F;D;024;FETES ET CEREMONIES;6064; 2 560,00    
2015;F;D;024;FETES ET CEREMONIES;6135; 9 936,00    
2015;F;D;024;FETES ET CEREMONIES;61558; 14 528,00    
2015;F;D;024;FETES ET CEREMONIES;6156; 1 840,00    
2015;F;D;024;FETES ET CEREMONIES;6232; 39 472,00    
2015;F;D;024;FETES ET CEREMONIES;6282; 42 600,00    
2015;F;D;024;FETES ET CEREMONIES;6331; 23 791,00    
2015;F;D;024;FETES ET CEREMONIES;64111; 561 756,00    
2015;F;D;024;FETES ET CEREMONIES;64112; 35 091,00    
2015;F;D;024;FETES ET CEREMONIES;64118; 316 485,00    
2015;F;D;024;FETES ET CEREMONIES;64131; 64 546,00    
2015;F;D;024;FETES ET CEREMONIES;64162; 17 836,00    
2015;F;D;024;FETES ET CEREMONIES;6451; 82 269,00    
2015;F;D;024;FETES ET CEREMONIES;6453; 114 508,00    
2015;F;D;024;FETES ET CEREMONIES;6488; 65 129,00    
2015;F;D;025;AIDES AUX ASSOCIATIONS (NON CLASSEES AILLEURS);60628; 200,00    
2015;F;D;025;AIDES AUX ASSOCIATIONS (NON CLASSEES AILLEURS);611; 2 400,00    
2015;F;D;025;AIDES AUX ASSOCIATIONS (NON CLASSEES AILLEURS);6135; 61 400,00    
2015;F;D;025;AIDES AUX ASSOCIATIONS (NON CLASSEES AILLEURS);6184; 8 550,00    
2015;F;D;025;AIDES AUX ASSOCIATIONS (NON CLASSEES AILLEURS);6188; 6 500,00    
2015;F;D;025;AIDES AUX ASSOCIATIONS (NON CLASSEES AILLEURS);6238; 10 000,00    
2015;F;D;025;AIDES AUX ASSOCIATIONS (NON CLASSEES AILLEURS);6257; 5 000,00    
2015;F;D;025;AIDES AUX ASSOCIATIONS (NON CLASSEES AILLEURS);6282; 2 100,00    
2015;F;D;025;AIDES AUX ASSOCIATIONS (NON CLASSEES AILLEURS);637; 400,00    
2015;F;D;025;AIDES AUX ASSOCIATIONS (NON CLASSEES AILLEURS);6574; 144 280,00    
2015;F;D;026;CIMETIERES ET POMPES FUNEBRES;60611; 18 050,00    
2015;F;D;026;CIMETIERES ET POMPES FUNEBRES;60612; 8 226,00    
2015;F;D;026;CIMETIERES ET POMPES FUNEBRES;60621; 6 000,00    
2015;F;D;026;CIMETIERES ET POMPES FUNEBRES;60622; 100,00    
2015;F;D;026;CIMETIERES ET POMPES FUNEBRES;60628; 2 000,00    
2015;F;D;026;CIMETIERES ET POMPES FUNEBRES;60631; 700,00    
2015;F;D;026;CIMETIERES ET POMPES FUNEBRES;60632; 2 000,00    
2015;F;D;026;CIMETIERES ET POMPES FUNEBRES;60636; 11 000,00    
2015;F;D;026;CIMETIERES ET POMPES FUNEBRES;6064; 2 000,00    
2015;F;D;026;CIMETIERES ET POMPES FUNEBRES;611; 1 000,00    
2015;F;D;026;CIMETIERES ET POMPES FUNEBRES;6135; 100,00    
2015;F;D;026;CIMETIERES ET POMPES FUNEBRES;61521; 10 000,00    
2015;F;D;026;CIMETIERES ET POMPES FUNEBRES;61522; 600,00    
2015;F;D;026;CIMETIERES ET POMPES FUNEBRES;61523; 430 063,00    
2015;F;D;026;CIMETIERES ET POMPES FUNEBRES;61558; 1 000,00    
2015;F;D;026;CIMETIERES ET POMPES FUNEBRES;6156; 8 000,00    
2015;F;D;026;CIMETIERES ET POMPES FUNEBRES;6238; 2 700,00    
2015;F;D;026;CIMETIERES ET POMPES FUNEBRES;627; 200,00    
2015;F;D;026;CIMETIERES ET POMPES FUNEBRES;6282; 200,00    
2015;F;D;026;CIMETIERES ET POMPES FUNEBRES;62878; 82 000,00    
2015;F;D;026;CIMETIERES ET POMPES FUNEBRES;6331; 8 300,00    
2015;F;D;026;CIMETIERES ET POMPES FUNEBRES;64111; 397 598,00    
2015;F;D;026;CIMETIERES ET POMPES FUNEBRES;64112; 13 943,00    
2015;F;D;026;CIMETIERES ET POMPES FUNEBRES;64118; 74 288,00    
2015;F;D;026;CIMETIERES ET POMPES FUNEBRES;64131; 20 952,00    
2015;F;D;026;CIMETIERES ET POMPES FUNEBRES;6451; 75 782,00    
2015;F;D;026;CIMETIERES ET POMPES FUNEBRES;6453; 126 245,00    
2015;F;D;026;CIMETIERES ET POMPES FUNEBRES;6488; 27 239,00    
2015;F;D;048;AUTRES ACTIONS DE COOPERATION DECENTRALISEE;60623; 7 000,00    
2015;F;D;048;AUTRES ACTIONS DE COOPERATION DECENTRALISEE;60628; 1 500,00    
2015;F;D;048;AUTRES ACTIONS DE COOPERATION DECENTRALISEE;60631; 1 500,00    
2015;F;D;048;AUTRES ACTIONS DE COOPERATION DECENTRALISEE;60632; 1 300,00    
2015;F;D;048;AUTRES ACTIONS DE COOPERATION DECENTRALISEE;6064; 1 300,00    
2015;F;D;048;AUTRES ACTIONS DE COOPERATION DECENTRALISEE;6135; 10 000,00    
2015;F;D;048;AUTRES ACTIONS DE COOPERATION DECENTRALISEE;61522; 10 000,00    
2015;F;D;048;AUTRES ACTIONS DE COOPERATION DECENTRALISEE;61558; 5 000,00    
2015;F;D;048;AUTRES ACTIONS DE COOPERATION DECENTRALISEE;6156; 7 500,00    
2015;F;D;048;AUTRES ACTIONS DE COOPERATION DECENTRALISEE;6185; 8 000,00    
2015;F;D;048;AUTRES ACTIONS DE COOPERATION DECENTRALISEE;6188; 10 000,00    
2015;F;D;048;AUTRES ACTIONS DE COOPERATION DECENTRALISEE;6226; 5 000,00    
2015;F;D;048;AUTRES ACTIONS DE COOPERATION DECENTRALISEE;6232; 35 000,00    
2015;F;D;048;AUTRES ACTIONS DE COOPERATION DECENTRALISEE;6238; 5 000,00    
2015;F;D;048;AUTRES ACTIONS DE COOPERATION DECENTRALISEE;6241; 2 000,00    
2015;F;D;048;AUTRES ACTIONS DE COOPERATION DECENTRALISEE;6244; 80,00    
2015;F;D;048;AUTRES ACTIONS DE COOPERATION DECENTRALISEE;6247; 7 270,00    
2015;F;D;048;AUTRES ACTIONS DE COOPERATION DECENTRALISEE;6251; 20 000,00    
2015;F;D;048;AUTRES ACTIONS DE COOPERATION DECENTRALISEE;6256; 4 000,00    
2015;F;D;048;AUTRES ACTIONS DE COOPERATION DECENTRALISEE;6257; 25 000,00    
2015;F;D;048;AUTRES ACTIONS DE COOPERATION DECENTRALISEE;6261; 1 000,00    
2015;F;D;048;AUTRES ACTIONS DE COOPERATION DECENTRALISEE;627; 50,00    
2015;F;D;048;AUTRES ACTIONS DE COOPERATION DECENTRALISEE;6281; 20 000,00    
2015;F;D;048;AUTRES ACTIONS DE COOPERATION DECENTRALISEE;6282; 4 000,00    
2015;F;D;048;AUTRES ACTIONS DE COOPERATION DECENTRALISEE;6283; 2 500,00    
2015;F;D;048;AUTRES ACTIONS DE COOPERATION DECENTRALISEE;6331; 6 172,00    
2015;F;D;048;AUTRES ACTIONS DE COOPERATION DECENTRALISEE;64111; 203 744,00    
2015;F;D;048;AUTRES ACTIONS DE COOPERATION DECENTRALISEE;64112; 7 445,00    
2015;F;D;048;AUTRES ACTIONS DE COOPERATION DECENTRALISEE;64118; 82 673,00    
2015;F;D;048;AUTRES ACTIONS DE COOPERATION DECENTRALISEE;64131; 114 786,00    
2015;F;D;048;AUTRES ACTIONS DE COOPERATION DECENTRALISEE;6451; 67 768,00    
2015;F;D;048;AUTRES ACTIONS DE COOPERATION DECENTRALISEE;6453; 78 286,00    
2015;F;D;048;AUTRES ACTIONS DE COOPERATION DECENTRALISEE;64731; 37 495,00    
2015;F;D;048;AUTRES ACTIONS DE COOPERATION DECENTRALISEE;6488; 15 060,00    
2015;F;D;048;AUTRES ACTIONS DE COOPERATION DECENTRALISEE;6532; 20 000,00    
2015;F;D;048;AUTRES ACTIONS DE COOPERATION DECENTRALISEE;6574; 235 310,00    
2015;F;D;048;AUTRES ACTIONS DE COOPERATION DECENTRALISEE;6714; 27 000,00    
2015;F;D;112;POLICE MUNICIPALE;60623; 11 000,00    
2015;F;D;112;POLICE MUNICIPALE;60628; 16 160,00    
2015;F;D;112;POLICE MUNICIPALE;60631; 500,00    
2015;F;D;112;POLICE MUNICIPALE;60632; 24 172,00    
2015;F;D;112;POLICE MUNICIPALE;60636; 175 350,00    
2015;F;D;112;POLICE MUNICIPALE;6064; 10 500,00    
2015;F;D;112;POLICE MUNICIPALE;611; 106 200,00    
2015;F;D;112;POLICE MUNICIPALE;6135; 45 750,00    
2015;F;D;112;POLICE MUNICIPALE;61551; 1 000,00    
2015;F;D;112;POLICE MUNICIPALE;61558; 10 000,00    
2015;F;D;112;POLICE MUNICIPALE;6156; 180 480,00    
2015;F;D;112;POLICE MUNICIPALE;617; 48 992,00    
2015;F;D;112;POLICE MUNICIPALE;6188; 4 640,00    
2015;F;D;112;POLICE MUNICIPALE;6236; 21 000,00    
2015;F;D;112;POLICE MUNICIPALE;6262; 30 000,00    
2015;F;D;112;POLICE MUNICIPALE;6281; 6 290,00    
2015;F;D;112;POLICE MUNICIPALE;6282; 19 000,00    
2015;F;D;112;POLICE MUNICIPALE;6331; 80 691,00    
2015;F;D;112;POLICE MUNICIPALE;64111; 4 297 115,00    
2015;F;D;112;POLICE MUNICIPALE;64112; 218 014,00    
2015;F;D;112;POLICE MUNICIPALE;64118; 1 606 450,00    
2015;F;D;112;POLICE MUNICIPALE;64131; 77 841,00    
2015;F;D;112;POLICE MUNICIPALE;6451; 719 137,00    
2015;F;D;112;POLICE MUNICIPALE;6453; 1 263 587,00    
2015;F;D;112;POLICE MUNICIPALE;6488; 274 301,00    
2015;F;D;12;HYGIENE ET SALUBRITE PUBLIQUE;60624; 52 600,00    
2015;F;D;12;HYGIENE ET SALUBRITE PUBLIQUE;60628; 14 400,00    
2015;F;D;12;HYGIENE ET SALUBRITE PUBLIQUE;60631; 2 450,00    
2015;F;D;12;HYGIENE ET SALUBRITE PUBLIQUE;60632; 600,00    
2015;F;D;12;HYGIENE ET SALUBRITE PUBLIQUE;60636; 1 600,00    
2015;F;D;12;HYGIENE ET SALUBRITE PUBLIQUE;6064; 4 500,00    
2015;F;D;12;HYGIENE ET SALUBRITE PUBLIQUE;611; 100 000,00    
2015;F;D;12;HYGIENE ET SALUBRITE PUBLIQUE;614; 580,00    
2015;F;D;12;HYGIENE ET SALUBRITE PUBLIQUE;6156; 20 900,00    
2015;F;D;12;HYGIENE ET SALUBRITE PUBLIQUE;6226; 7 000,00    
2015;F;D;12;HYGIENE ET SALUBRITE PUBLIQUE;6241; 500,00    
2015;F;D;12;HYGIENE ET SALUBRITE PUBLIQUE;6281; 1 610,00    
2015;F;D;12;HYGIENE ET SALUBRITE PUBLIQUE;6331; 12 070,00    
2015;F;D;12;HYGIENE ET SALUBRITE PUBLIQUE;64111; 1 019 194,00    
2015;F;D;12;HYGIENE ET SALUBRITE PUBLIQUE;64112; 18 457,00    
2015;F;D;12;HYGIENE ET SALUBRITE PUBLIQUE;64118; 185 450,00    
2015;F;D;12;HYGIENE ET SALUBRITE PUBLIQUE;64131; 47 617,00    
2015;F;D;12;HYGIENE ET SALUBRITE PUBLIQUE;6451; 112 535,00    
2015;F;D;12;HYGIENE ET SALUBRITE PUBLIQUE;6453; 182 681,00    
2015;F;D;12;HYGIENE ET SALUBRITE PUBLIQUE;6488; 29 447,00    
2015;F;D;12;HYGIENE ET SALUBRITE PUBLIQUE;6554; 265 000,00    
2015;F;D;12;HYGIENE ET SALUBRITE PUBLIQUE;658; 9 500,00    
2015;F;D;211;ECOLES MATERNELLES;60612; 1 058 437,00    
2015;F;D;211;ECOLES MATERNELLES;60613; 22 500,00    
2015;F;D;211;ECOLES MATERNELLES;60628; 70 000,00    
2015;F;D;211;ECOLES MATERNELLES;60631; 30 000,00    
2015;F;D;211;ECOLES MATERNELLES;60632; 108 772,00    
2015;F;D;211;ECOLES MATERNELLES;6064; 100 000,00    
2015;F;D;211;ECOLES MATERNELLES;6065; 21 000,00    
2015;F;D;211;ECOLES MATERNELLES;6067; 292 496,00    
2015;F;D;211;ECOLES MATERNELLES;6135; 30 000,00    
2015;F;D;211;ECOLES MATERNELLES;61521; 48 000,00    
2015;F;D;211;ECOLES MATERNELLES;61522; 265 895,00    
2015;F;D;211;ECOLES MATERNELLES;61523; 4 587,00    
2015;F;D;211;ECOLES MATERNELLES;61558; 10 000,00    
2015;F;D;211;ECOLES MATERNELLES;6156; 87 000,00    
2015;F;D;211;ECOLES MATERNELLES;6188; 147 500,00    
2015;F;D;211;ECOLES MATERNELLES;6236; 1 500,00    
2015;F;D;211;ECOLES MATERNELLES;6241; 4 777,00    
2015;F;D;211;ECOLES MATERNELLES;6247; 12 000,00    
2015;F;D;211;ECOLES MATERNELLES;6281; 1 400,00    
2015;F;D;211;ECOLES MATERNELLES;6282; 32 487,00    
2015;F;D;211;ECOLES MATERNELLES;6283; 4 777,00    
2015;F;D;211;ECOLES MATERNELLES;637; 100,00    
2015;F;D;211;ECOLES MATERNELLES;64131; 97 129,00    
2015;F;D;211;ECOLES MATERNELLES;6574; 752 200,00    
2015;F;D;211;ECOLES MATERNELLES;658; 23 750,00    
2015;F;D;212;ECOLES PRIMAIRES;60628; 60 000,00    
2015;F;D;212;ECOLES PRIMAIRES;60631; 30 000,00    
2015;F;D;212;ECOLES PRIMAIRES;60632; 85 500,00    
2015;F;D;212;ECOLES PRIMAIRES;6064; 123 240,00    
2015;F;D;212;ECOLES PRIMAIRES;6065; 29 000,00    
2015;F;D;212;ECOLES PRIMAIRES;6067; 386 750,00    
2015;F;D;212;ECOLES PRIMAIRES;611; 4 260,00    
2015;F;D;212;ECOLES PRIMAIRES;6135; 50 000,00    
2015;F;D;212;ECOLES PRIMAIRES;61521; 30 000,00    
2015;F;D;212;ECOLES PRIMAIRES;61522; 323 000,00    
2015;F;D;212;ECOLES PRIMAIRES;61523; 13 377,00    
2015;F;D;212;ECOLES PRIMAIRES;61558; 4 583,00    
2015;F;D;212;ECOLES PRIMAIRES;6156; 178 610,00    
2015;F;D;212;ECOLES PRIMAIRES;617; 1 500,00    
2015;F;D;212;ECOLES PRIMAIRES;6182; 1 000,00    
2015;F;D;212;ECOLES PRIMAIRES;6188; 209 890,00    
2015;F;D;212;ECOLES PRIMAIRES;6227; 1 820,00    
2015;F;D;212;ECOLES PRIMAIRES;6232; 900,00    
2015;F;D;212;ECOLES PRIMAIRES;6233; 1 000,00    
2015;F;D;212;ECOLES PRIMAIRES;6236; 21 500,00    
2015;F;D;212;ECOLES PRIMAIRES;6238; 10 000,00    
2015;F;D;212;ECOLES PRIMAIRES;6241; 4 778,00    
2015;F;D;212;ECOLES PRIMAIRES;6247; 33 000,00    
2015;F;D;212;ECOLES PRIMAIRES;6282; 23 000,00    
2015;F;D;212;ECOLES PRIMAIRES;6283; 4 778,00    
2015;F;D;212;ECOLES PRIMAIRES;6331; 794,00    
2015;F;D;212;ECOLES PRIMAIRES;64111; 16 422,00    
2015;F;D;212;ECOLES PRIMAIRES;64112; 171,00    
2015;F;D;212;ECOLES PRIMAIRES;64118; 1 860,00    
2015;F;D;212;ECOLES PRIMAIRES;64131; 524 690,00    
2015;F;D;212;ECOLES PRIMAIRES;6451; 10 138,00    
2015;F;D;212;ECOLES PRIMAIRES;6453; 6 290,00    
2015;F;D;212;ECOLES PRIMAIRES;64731; 321 168,00    
2015;F;D;212;ECOLES PRIMAIRES;6558; 12 000,00    
2015;F;D;212;ECOLES PRIMAIRES;6574; 1 149 995,00    
2015;F;D;213;CLASSES REGROUPEES;60636; 43 000,00    
2015;F;D;213;CLASSES REGROUPEES;6064; 6 000,00    
2015;F;D;213;CLASSES REGROUPEES;61522; 146 660,00    
2015;F;D;213;CLASSES REGROUPEES;6156; 15 000,00    
2015;F;D;213;CLASSES REGROUPEES;617; 5 760,00    
2015;F;D;213;CLASSES REGROUPEES;6231; 100 000,00    
2015;F;D;213;CLASSES REGROUPEES;6262; 30 000,00    
2015;F;D;213;CLASSES REGROUPEES;6331; 569 562,00    
2015;F;D;213;CLASSES REGROUPEES;64111; 21 860 036,00    
2015;F;D;213;CLASSES REGROUPEES;64112; 754 520,00    
2015;F;D;213;CLASSES REGROUPEES;64118; 4 305 154,00    
2015;F;D;213;CLASSES REGROUPEES;64131; 7 122 187,00    
2015;F;D;213;CLASSES REGROUPEES;64162; 358 138,00    
2015;F;D;213;CLASSES REGROUPEES;6451; 5 922 646,00    
2015;F;D;213;CLASSES REGROUPEES;6453; 7 228 818,00    
2015;F;D;213;CLASSES REGROUPEES;64731; 124 962,00    
2015;F;D;213;CLASSES REGROUPEES;6488; 177 959,00    
2015;F;D;213;CLASSES REGROUPEES;657361; 172 000,00    
2015;F;D;213;CLASSES REGROUPEES;6574; 3 022 206,00    
2015;F;D;251;HEBERGEMENT ET RESTAURATION SCOLAIRE;60612; 106 604,00    
2015;F;D;251;HEBERGEMENT ET RESTAURATION SCOLAIRE;60623; 3 000 000,00    
2015;F;D;251;HEBERGEMENT ET RESTAURATION SCOLAIRE;60628; 260 500,00    
2015;F;D;251;HEBERGEMENT ET RESTAURATION SCOLAIRE;60631; 93 500,00    
2015;F;D;251;HEBERGEMENT ET RESTAURATION SCOLAIRE;60632; 52 000,00    
2015;F;D;251;HEBERGEMENT ET RESTAURATION SCOLAIRE;60636; 21 000,00    
2015;F;D;251;HEBERGEMENT ET RESTAURATION SCOLAIRE;6064; 28 000,00    
2015;F;D;251;HEBERGEMENT ET RESTAURATION SCOLAIRE;6065; 4 000,00    
2015;F;D;251;HEBERGEMENT ET RESTAURATION SCOLAIRE;611; 2 300,00    
2015;F;D;251;HEBERGEMENT ET RESTAURATION SCOLAIRE;6135; 50 000,00    
2015;F;D;251;HEBERGEMENT ET RESTAURATION SCOLAIRE;61522; 22 000,00    
2015;F;D;251;HEBERGEMENT ET RESTAURATION SCOLAIRE;61523; 3 000,00    
2015;F;D;251;HEBERGEMENT ET RESTAURATION SCOLAIRE;61551; 28 500,00    
2015;F;D;251;HEBERGEMENT ET RESTAURATION SCOLAIRE;61558; 59 000,00    
2015;F;D;251;HEBERGEMENT ET RESTAURATION SCOLAIRE;6156; 69 600,00    
2015;F;D;251;HEBERGEMENT ET RESTAURATION SCOLAIRE;6182; 1 000,00    
2015;F;D;251;HEBERGEMENT ET RESTAURATION SCOLAIRE;6188; 3 400,00    
2015;F;D;251;HEBERGEMENT ET RESTAURATION SCOLAIRE;6228; 20 000,00    
2015;F;D;251;HEBERGEMENT ET RESTAURATION SCOLAIRE;6232; 4 000,00    
2015;F;D;251;HEBERGEMENT ET RESTAURATION SCOLAIRE;6238; 30 000,00    
2015;F;D;251;HEBERGEMENT ET RESTAURATION SCOLAIRE;6247; 900,00    
2015;F;D;251;HEBERGEMENT ET RESTAURATION SCOLAIRE;6282; 400,00    
2015;F;D;251;HEBERGEMENT ET RESTAURATION SCOLAIRE;6283; 6 100,00    
2015;F;D;251;HEBERGEMENT ET RESTAURATION SCOLAIRE;6331; 34 691,00    
2015;F;D;251;HEBERGEMENT ET RESTAURATION SCOLAIRE;64111; 1 547 339,00    
2015;F;D;251;HEBERGEMENT ET RESTAURATION SCOLAIRE;64112; 53 743,00    
2015;F;D;251;HEBERGEMENT ET RESTAURATION SCOLAIRE;64118; 340 233,00    
2015;F;D;251;HEBERGEMENT ET RESTAURATION SCOLAIRE;64131; 183 993,00    
2015;F;D;251;HEBERGEMENT ET RESTAURATION SCOLAIRE;64162; 62 902,00    
2015;F;D;251;HEBERGEMENT ET RESTAURATION SCOLAIRE;6451; 320 201,00    
2015;F;D;251;HEBERGEMENT ET RESTAURATION SCOLAIRE;6453; 489 098,00    
2015;F;D;251;HEBERGEMENT ET RESTAURATION SCOLAIRE;64731; 13 809,00    
2015;F;D;30;SERVICES COMMUNS;60612; 141 304,00    
2015;F;D;30;SERVICES COMMUNS;60623; 32 860,00    
2015;F;D;30;SERVICES COMMUNS;60624; 50,00    
2015;F;D;30;SERVICES COMMUNS;60628; 6 000,00    
2015;F;D;30;SERVICES COMMUNS;60631; 300,00    
2015;F;D;30;SERVICES COMMUNS;60632; 24 400,00    
2015;F;D;30;SERVICES COMMUNS;60636; 1 600,00    
2015;F;D;30;SERVICES COMMUNS;6064; 4 000,00    
2015;F;D;30;SERVICES COMMUNS;6065; 28 000,00    
2015;F;D;30;SERVICES COMMUNS;611; 5 000,00    
2015;F;D;30;SERVICES COMMUNS;6135; 288 960,00    
2015;F;D;30;SERVICES COMMUNS;61521; 15 000,00    
2015;F;D;30;SERVICES COMMUNS;61522; 118 050,00    
2015;F;D;30;SERVICES COMMUNS;61558; 2 000,00    
2015;F;D;30;SERVICES COMMUNS;6156; 15 000,00    
2015;F;D;30;SERVICES COMMUNS;6182; 500,00    
2015;F;D;30;SERVICES COMMUNS;6188; 87 500,00    
2015;F;D;30;SERVICES COMMUNS;6218; 100 000,00    
2015;F;D;30;SERVICES COMMUNS;6226; 70 000,00    
2015;F;D;30;SERVICES COMMUNS;6231; 204 000,00    
2015;F;D;30;SERVICES COMMUNS;6232; 154 320,00    
2015;F;D;30;SERVICES COMMUNS;6233; 252 500,00    
2015;F;D;30;SERVICES COMMUNS;6236; 38 000,00    
2015;F;D;30;SERVICES COMMUNS;6237; 120 000,00    
2015;F;D;30;SERVICES COMMUNS;6238; 380 000,00    
2015;F;D;30;SERVICES COMMUNS;6241; 80 000,00    
2015;F;D;30;SERVICES COMMUNS;6251; 50 000,00    
2015;F;D;30;SERVICES COMMUNS;6257; 50 000,00    
2015;F;D;30;SERVICES COMMUNS;627; 50,00    
2015;F;D;30;SERVICES COMMUNS;6281; 1 000,00    
2015;F;D;30;SERVICES COMMUNS;6282; 300 000,00    
2015;F;D;30;SERVICES COMMUNS;6283; 7 000,00    
2015;F;D;30;SERVICES COMMUNS;62878; 120 000,00    
2015;F;D;30;SERVICES COMMUNS;6331; 18 805,00    
2015;F;D;30;SERVICES COMMUNS;637; 40 000,00    
2015;F;D;30;SERVICES COMMUNS;64111; 842 106,00    
2015;F;D;30;SERVICES COMMUNS;64112; 22 279,00    
2015;F;D;30;SERVICES COMMUNS;64118; 296 252,00    
2015;F;D;30;SERVICES COMMUNS;64131; 181 930,00    
2015;F;D;30;SERVICES COMMUNS;6451; 180 764,00    
2015;F;D;30;SERVICES COMMUNS;6453; 270 653,00    
2015;F;D;30;SERVICES COMMUNS;64731; 28 949,00    
2015;F;D;30;SERVICES COMMUNS;6488; 51 810,00    
2015;F;D;30;SERVICES COMMUNS;6574; 1 800 000,00    
2015;F;D;30;SERVICES COMMUNS;658; 20 000,00    
2015;F;D;313;THEATRES;60623; 4 000,00    
2015;F;D;313;THEATRES;60624; 30,00    
2015;F;D;313;THEATRES;60628; 2 000,00    
2015;F;D;313;THEATRES;60631; 1 100,00    
2015;F;D;313;THEATRES;60632; 10 000,00    
2015;F;D;313;THEATRES;6064; 2 570,00    
2015;F;D;313;THEATRES;6065; 500,00    
2015;F;D;313;THEATRES;611; 500,00    
2015;F;D;313;THEATRES;6135; 24 000,00    
2015;F;D;313;THEATRES;61522; 13 400,00    
2015;F;D;313;THEATRES;61558; 1 000,00    
2015;F;D;313;THEATRES;6156; 3 000,00    
2015;F;D;313;THEATRES;6182; 500,00    
2015;F;D;313;THEATRES;6188; 1 500,00    
2015;F;D;313;THEATRES;6218; 70 000,00    
2015;F;D;313;THEATRES;6236; 17 000,00    
2015;F;D;313;THEATRES;6238; 299 000,00    
2015;F;D;313;THEATRES;6241; 100,00    
2015;F;D;313;THEATRES;6251; 5 000,00    
2015;F;D;313;THEATRES;6257; 29 000,00    
2015;F;D;313;THEATRES;627; 100,00    
2015;F;D;313;THEATRES;6282; 19 000,00    
2015;F;D;313;THEATRES;62878; 50,00    
2015;F;D;313;THEATRES;6331; 4 937,00    
2015;F;D;313;THEATRES;637; 20 000,00    
2015;F;D;313;THEATRES;64111; 153 764,00    
2015;F;D;313;THEATRES;64112; 7 479,00    
2015;F;D;313;THEATRES;64118; 47 987,00    
2015;F;D;313;THEATRES;64131; 94 916,00    
2015;F;D;313;THEATRES;6451; 54 329,00    
2015;F;D;313;THEATRES;6453; 53 744,00    
2015;F;D;313;THEATRES;6488; 13 686,00    
2015;F;D;313;THEATRES;658; 50,00    
2015;F;D;314;CINEMAS ET AUTRES SALLES DE SPECTACLES;60623; 1 500,00    
2015;F;D;314;CINEMAS ET AUTRES SALLES DE SPECTACLES;60628; 3 000,00    
2015;F;D;314;CINEMAS ET AUTRES SALLES DE SPECTACLES;60631; 200,00    
2015;F;D;314;CINEMAS ET AUTRES SALLES DE SPECTACLES;60632; 3 500,00    
2015;F;D;314;CINEMAS ET AUTRES SALLES DE SPECTACLES;6064; 3 000,00    
2015;F;D;314;CINEMAS ET AUTRES SALLES DE SPECTACLES;6135; 52 500,00    
2015;F;D;314;CINEMAS ET AUTRES SALLES DE SPECTACLES;61522; 1 250,00    
2015;F;D;314;CINEMAS ET AUTRES SALLES DE SPECTACLES;61558; 1 000,00    
2015;F;D;314;CINEMAS ET AUTRES SALLES DE SPECTACLES;6156; 2 500,00    
2015;F;D;314;CINEMAS ET AUTRES SALLES DE SPECTACLES;617; 7 500,00    
2015;F;D;314;CINEMAS ET AUTRES SALLES DE SPECTACLES;6236; 25 000,00    
2015;F;D;314;CINEMAS ET AUTRES SALLES DE SPECTACLES;6238; 24 000,00    
2015;F;D;314;CINEMAS ET AUTRES SALLES DE SPECTACLES;6241; 5 000,00    
2015;F;D;314;CINEMAS ET AUTRES SALLES DE SPECTACLES;6251; 500,00    
2015;F;D;314;CINEMAS ET AUTRES SALLES DE SPECTACLES;6257; 1 300,00    
2015;F;D;314;CINEMAS ET AUTRES SALLES DE SPECTACLES;627; 200,00    
2015;F;D;314;CINEMAS ET AUTRES SALLES DE SPECTACLES;6281; 1 800,00    
2015;F;D;314;CINEMAS ET AUTRES SALLES DE SPECTACLES;6331; 2 404,00    
2015;F;D;314;CINEMAS ET AUTRES SALLES DE SPECTACLES;637; 15 000,00    
2015;F;D;314;CINEMAS ET AUTRES SALLES DE SPECTACLES;64111; 73 373,00    
2015;F;D;314;CINEMAS ET AUTRES SALLES DE SPECTACLES;64112; 747,00    
2015;F;D;314;CINEMAS ET AUTRES SALLES DE SPECTACLES;64118; 26 460,00    
2015;F;D;314;CINEMAS ET AUTRES SALLES DE SPECTACLES;64131; 48 243,00    
2015;F;D;314;CINEMAS ET AUTRES SALLES DE SPECTACLES;6451; 27 620,00    
2015;F;D;314;CINEMAS ET AUTRES SALLES DE SPECTACLES;6453; 24 864,00    
2015;F;D;314;CINEMAS ET AUTRES SALLES DE SPECTACLES;6488; 6 969,00    
2015;F;D;322;MUSEES;60623; 6 000,00    
2015;F;D;322;MUSEES;60624; 100,00    
2015;F;D;322;MUSEES;60628; 18 000,00    
2015;F;D;322;MUSEES;60631; 600,00    
2015;F;D;322;MUSEES;60632; 12 000,00    
2015;F;D;322;MUSEES;6064; 3 000,00    
2015;F;D;322;MUSEES;6065; 5 000,00    
2015;F;D;322;MUSEES;611; 1 300,00    
2015;F;D;322;MUSEES;6135; 10 000,00    
2015;F;D;322;MUSEES;61521; 300,00    
2015;F;D;322;MUSEES;61522; 7 800,00    
2015;F;D;322;MUSEES;61558; 1 000,00    
2015;F;D;322;MUSEES;6156; 7 000,00    
2015;F;D;322;MUSEES;6182; 5 000,00    
2015;F;D;322;MUSEES;6188; 120,00    
2015;F;D;322;MUSEES;6218; 25 000,00    
2015;F;D;322;MUSEES;6226; 50 000,00    
2015;F;D;322;MUSEES;6227; 15,00    
2015;F;D;322;MUSEES;6231; 1 000,00    
2015;F;D;322;MUSEES;6233; 186 000,00    
2015;F;D;322;MUSEES;6236; 15 000,00    
2015;F;D;322;MUSEES;6238; 269 500,00    
2015;F;D;322;MUSEES;6241; 80 000,00    
2015;F;D;322;MUSEES;6251; 60 000,00    
2015;F;D;322;MUSEES;6257; 40 000,00    
2015;F;D;322;MUSEES;6261; 50,00    
2015;F;D;322;MUSEES;627; 15,00    
2015;F;D;322;MUSEES;6282; 100 000,00    
2015;F;D;322;MUSEES;6331; 7 842,00    
2015;F;D;322;MUSEES;637; 4 000,00    
2015;F;D;322;MUSEES;64111; 265 158,00    
2015;F;D;322;MUSEES;64112; 4 374,00    
2015;F;D;322;MUSEES;64118; 80 268,00    
2015;F;D;322;MUSEES;64131; 63 685,00    
2015;F;D;322;MUSEES;64162; 67 529,00    
2015;F;D;322;MUSEES;6451; 67 314,00    
2015;F;D;322;MUSEES;6453; 122 863,00    
2015;F;D;322;MUSEES;6488; 23 553,00    
2015;F;D;323;ARCHIVES;60624; 70,00    
2015;F;D;323;ARCHIVES;60628; 200,00    
2015;F;D;323;ARCHIVES;60631; 200,00    
2015;F;D;323;ARCHIVES;60632; 1 500,00    
2015;F;D;323;ARCHIVES;60636; 50,00    
2015;F;D;323;ARCHIVES;6064; 13 500,00    
2015;F;D;323;ARCHIVES;6065; 1 000,00    
2015;F;D;323;ARCHIVES;611; 35 000,00    
2015;F;D;323;ARCHIVES;6156; 3 500,00    
2015;F;D;323;ARCHIVES;617; 4 000,00    
2015;F;D;323;ARCHIVES;6182; 400,00    
2015;F;D;323;ARCHIVES;6233; 14 970,00    
2015;F;D;323;ARCHIVES;6236; 9 000,00    
2015;F;D;323;ARCHIVES;6238; 1 000,00    
2015;F;D;323;ARCHIVES;6241; 8 000,00    
2015;F;D;323;ARCHIVES;6281; 280,00    
2015;F;D;323;ARCHIVES;6282; 7 330,00    
2015;F;D;323;ARCHIVES;62878; 84 000,00    
2015;F;D;323;ARCHIVES;6331; 9 743,00    
2015;F;D;323;ARCHIVES;64111; 509 263,00    
2015;F;D;323;ARCHIVES;64112; 11 830,00    
2015;F;D;323;ARCHIVES;64118; 112 080,00    
2015;F;D;323;ARCHIVES;6451; 85 674,00    
2015;F;D;323;ARCHIVES;6453; 158 734,00    
2015;F;D;323;ARCHIVES;6488; 23 746,00    
2015;F;D;33;ACTION CULTURELLE;6262; 6 000,00    
2015;F;D;40;SERVICES COMMUNS;60636; 10 000,00    
2015;F;D;40;SERVICES COMMUNS;6064; 4 500,00    
2015;F;D;40;SERVICES COMMUNS;6132; 50 000,00    
2015;F;D;40;SERVICES COMMUNS;6135; 77 376,00    
2015;F;D;40;SERVICES COMMUNS;61558; 8 200,00    
2015;F;D;40;SERVICES COMMUNS;6188; 517 173,00    
2015;F;D;40;SERVICES COMMUNS;6231; 100 000,00    
2015;F;D;40;SERVICES COMMUNS;6232; 24 000,00    
2015;F;D;40;SERVICES COMMUNS;6233; 34 000,00    
2015;F;D;40;SERVICES COMMUNS;6236; 6 000,00    
2015;F;D;40;SERVICES COMMUNS;6331; 52 904,00    
2015;F;D;40;SERVICES COMMUNS;64111; 2 664 965,00    
2015;F;D;40;SERVICES COMMUNS;64112; 102 912,00    
2015;F;D;40;SERVICES COMMUNS;64118; 626 015,00    
2015;F;D;40;SERVICES COMMUNS;64131; 5 349,00    
2015;F;D;40;SERVICES COMMUNS;64162; 53 508,00    
2015;F;D;40;SERVICES COMMUNS;6451; 456 468,00    
2015;F;D;40;SERVICES COMMUNS;6453; 837 393,00    
2015;F;D;40;SERVICES COMMUNS;6488; 180 303,00    
2015;F;D;40;SERVICES COMMUNS;6574; 1 857 949,00    
2015;F;D;411;SALLES DE SPORT, GYMNASES;60628; 59 000,00    
2015;F;D;411;SALLES DE SPORT, GYMNASES;60631; 21 800,00    
2015;F;D;411;SALLES DE SPORT, GYMNASES;60632; 49 300,00    
2015;F;D;411;SALLES DE SPORT, GYMNASES;614; 13 600,00    
2015;F;D;411;SALLES DE SPORT, GYMNASES;61521; 1 080,00    
2015;F;D;411;SALLES DE SPORT, GYMNASES;61522; 123 380,00    
2015;F;D;411;SALLES DE SPORT, GYMNASES;6156; 34 080,00    
2015;F;D;411;SALLES DE SPORT, GYMNASES;6282; 10 850,00    
2015;F;D;411;SALLES DE SPORT, GYMNASES;6283; 540,00    
2015;F;D;411;SALLES DE SPORT, GYMNASES;64731; 4 885,00    
2015;F;D;411;SALLES DE SPORT, GYMNASES;658; 20 000,00    
2015;F;D;412;STADES;60612; 559 320,00    
2015;F;D;412;STADES;60613; 11 730,00    
2015;F;D;412;STADES;60628; 34 600,00    
2015;F;D;412;STADES;60631; 6 700,00    
2015;F;D;412;STADES;60632; 15 080,00    
2015;F;D;412;STADES;61521; 132 000,00    
2015;F;D;412;STADES;61522; 2 000,00    
2015;F;D;412;STADES;61523; 3 800,00    
2015;F;D;412;STADES;61551; 2 590,00    
2015;F;D;415;MANIFESTATIONS SPORTIVES;60628; 1 500,00    
2015;F;D;415;MANIFESTATIONS SPORTIVES;60632; 10 000,00    
2015;F;D;415;MANIFESTATIONS SPORTIVES;60636; 9 080,00    
2015;F;D;415;MANIFESTATIONS SPORTIVES;611; 15 000,00    
2015;F;D;415;MANIFESTATIONS SPORTIVES;6135; 43 100,00    
2015;F;D;415;MANIFESTATIONS SPORTIVES;61521; 239 500,00    
2015;F;D;415;MANIFESTATIONS SPORTIVES;61558; 5 000,00    
2015;F;D;415;MANIFESTATIONS SPORTIVES;6188; 75 520,00    
2015;F;D;415;MANIFESTATIONS SPORTIVES;6232; 52 000,00    
2015;F;D;415;MANIFESTATIONS SPORTIVES;6236; 8 500,00    
2015;F;D;415;MANIFESTATIONS SPORTIVES;6238; 13 600,00    
2015;F;D;415;MANIFESTATIONS SPORTIVES;6247; 23 000,00    
2015;F;D;421;CENTRES DE LOISIRS;6042; 306 000,00    
2015;F;D;421;CENTRES DE LOISIRS;60623; 28 000,00    
2015;F;D;421;CENTRES DE LOISIRS;60624; 6 000,00    
2015;F;D;421;CENTRES DE LOISIRS;60628; 25 000,00    
2015;F;D;421;CENTRES DE LOISIRS;60631; 3 000,00    
2015;F;D;421;CENTRES DE LOISIRS;60632; 26 000,00    
2015;F;D;421;CENTRES DE LOISIRS;6064; 16 000,00    
2015;F;D;421;CENTRES DE LOISIRS;6065; 10 000,00    
2015;F;D;421;CENTRES DE LOISIRS;6132; 400,00    
2015;F;D;421;CENTRES DE LOISIRS;6135; 400,00    
2015;F;D;421;CENTRES DE LOISIRS;61522; 7 930,00    
2015;F;D;421;CENTRES DE LOISIRS;6188; 40 000,00    
2015;F;D;421;CENTRES DE LOISIRS;6236; 1 000,00    
2015;F;D;421;CENTRES DE LOISIRS;6238; 230 000,00    
2015;F;D;421;CENTRES DE LOISIRS;6247; 180 000,00    
2015;F;D;421;CENTRES DE LOISIRS;627; 500,00    
2015;F;D;421;CENTRES DE LOISIRS;6282; 240,00    
2015;F;D;421;CENTRES DE LOISIRS;6283; 158 000,00    
2015;F;D;421;CENTRES DE LOISIRS;6331; 2 296,00    
2015;F;D;421;CENTRES DE LOISIRS;64111; 116 897,00    
2015;F;D;421;CENTRES DE LOISIRS;64112; 1 225,00    
2015;F;D;421;CENTRES DE LOISIRS;64118; 25 393,00    
2015;F;D;421;CENTRES DE LOISIRS;6451; 20 164,00    
2015;F;D;421;CENTRES DE LOISIRS;6453; 36 416,00    
2015;F;D;421;CENTRES DE LOISIRS;6488; 4 564,00    
2015;F;D;421;CENTRES DE LOISIRS;658; 2 000,00    
2015;F;D;422;AUTRES ACTIVITES POUR LES JEUNES;6042; 85 000,00    
2015;F;D;422;AUTRES ACTIVITES POUR LES JEUNES;60612; 364 798,00    
2015;F;D;422;AUTRES ACTIVITES POUR LES JEUNES;60623; 87 389,00    
2015;F;D;422;AUTRES ACTIVITES POUR LES JEUNES;60624; 3 000,00    
2015;F;D;422;AUTRES ACTIVITES POUR LES JEUNES;60628; 16 954,00    
2015;F;D;422;AUTRES ACTIVITES POUR LES JEUNES;60631; 26 047,00    
2015;F;D;422;AUTRES ACTIVITES POUR LES JEUNES;60632; 43 972,00    
2015;F;D;422;AUTRES ACTIVITES POUR LES JEUNES;60636; 1 500,00    
2015;F;D;422;AUTRES ACTIVITES POUR LES JEUNES;6064; 20 560,00    
2015;F;D;422;AUTRES ACTIVITES POUR LES JEUNES;6068; 1 626,00    
2015;F;D;422;AUTRES ACTIVITES POUR LES JEUNES;6132; 17 159,00    
2015;F;D;422;AUTRES ACTIVITES POUR LES JEUNES;6135; 19 000,00    
2015;F;D;422;AUTRES ACTIVITES POUR LES JEUNES;61522; 73 311,00    
2015;F;D;422;AUTRES ACTIVITES POUR LES JEUNES;61523; 5 000,00    
2015;F;D;422;AUTRES ACTIVITES POUR LES JEUNES;61558; 4 274,00    
2015;F;D;422;AUTRES ACTIVITES POUR LES JEUNES;6156; 79 374,00    
2015;F;D;422;AUTRES ACTIVITES POUR LES JEUNES;6182; 5 550,00    
2015;F;D;422;AUTRES ACTIVITES POUR LES JEUNES;6188; 118 318,00    
2015;F;D;422;AUTRES ACTIVITES POUR LES JEUNES;6218; 57 000,00    
2015;F;D;422;AUTRES ACTIVITES POUR LES JEUNES;6226; 3 500,00    
2015;F;D;422;AUTRES ACTIVITES POUR LES JEUNES;6228; 630,00    
2015;F;D;422;AUTRES ACTIVITES POUR LES JEUNES;6231; 2 400,00    
2015;F;D;422;AUTRES ACTIVITES POUR LES JEUNES;6232; 2 200,00    
2015;F;D;422;AUTRES ACTIVITES POUR LES JEUNES;6236; 32 300,00    
2015;F;D;422;AUTRES ACTIVITES POUR LES JEUNES;6238; 131 202,00    
2015;F;D;422;AUTRES ACTIVITES POUR LES JEUNES;6247; 20 000,00    
2015;F;D;422;AUTRES ACTIVITES POUR LES JEUNES;6257; 15 185,00    
2015;F;D;422;AUTRES ACTIVITES POUR LES JEUNES;6262; 70 000,00    
2015;F;D;422;AUTRES ACTIVITES POUR LES JEUNES;627; 300,00    
2015;F;D;422;AUTRES ACTIVITES POUR LES JEUNES;6281; 5 133,00    
2015;F;D;422;AUTRES ACTIVITES POUR LES JEUNES;6282; 26 080,00    
2015;F;D;422;AUTRES ACTIVITES POUR LES JEUNES;6283; 7 000,00    
2015;F;D;422;AUTRES ACTIVITES POUR LES JEUNES;6331; 82 680,00    
2015;F;D;422;AUTRES ACTIVITES POUR LES JEUNES;637; 19 250,00    
2015;F;D;422;AUTRES ACTIVITES POUR LES JEUNES;64111; 3 381 958,00    
2015;F;D;422;AUTRES ACTIVITES POUR LES JEUNES;64112; 119 372,00    
2015;F;D;422;AUTRES ACTIVITES POUR LES JEUNES;64118; 847 544,00    
2015;F;D;422;AUTRES ACTIVITES POUR LES JEUNES;64131; 778 553,00    
2015;F;D;422;AUTRES ACTIVITES POUR LES JEUNES;6451; 858 554,00    
2015;F;D;422;AUTRES ACTIVITES POUR LES JEUNES;6453; 1 046 316,00    
2015;F;D;422;AUTRES ACTIVITES POUR LES JEUNES;64731; 39 132,00    
2015;F;D;422;AUTRES ACTIVITES POUR LES JEUNES;6488; 210 101,00    
2015;F;D;422;AUTRES ACTIVITES POUR LES JEUNES;6574; 115 610,00    
2015;F;D;422;AUTRES ACTIVITES POUR LES JEUNES;6714; 17 470,00    
2015;F;D;422;AUTRES ACTIVITES POUR LES JEUNES;678; 5 000,00    
2015;F;D;520;SERVICES COMMUNS;60623; 300,00    
2015;F;D;520;SERVICES COMMUNS;60628; 2 900,00    
2015;F;D;520;SERVICES COMMUNS;611; 79 910,00    
2015;F;D;520;SERVICES COMMUNS;6135; 30 620,00    
2015;F;D;520;SERVICES COMMUNS;6156; 4 810,00    
2015;F;D;520;SERVICES COMMUNS;617; 25 000,00    
2015;F;D;520;SERVICES COMMUNS;6182; 1 500,00    
2015;F;D;520;SERVICES COMMUNS;6188; 238 750,00    
2015;F;D;520;SERVICES COMMUNS;6226; 89 090,00    
2015;F;D;520;SERVICES COMMUNS;6231; 50 000,00    
2015;F;D;520;SERVICES COMMUNS;6233; 322 180,00    
2015;F;D;520;SERVICES COMMUNS;6236; 79 000,00    
2015;F;D;520;SERVICES COMMUNS;6238; 8 040,00    
2015;F;D;520;SERVICES COMMUNS;6331; 4 534,00    
2015;F;D;520;SERVICES COMMUNS;64111; 187 067,00    
2015;F;D;520;SERVICES COMMUNS;64112; 7 260,00    
2015;F;D;520;SERVICES COMMUNS;64118; 33 662,00    
2015;F;D;520;SERVICES COMMUNS;64131; 42 697,00    
2015;F;D;520;SERVICES COMMUNS;6451; 45 203,00    
2015;F;D;520;SERVICES COMMUNS;6453; 60 639,00    
2015;F;D;520;SERVICES COMMUNS;6488; 14 251,00    
2015;F;D;520;SERVICES COMMUNS;65733; 225 000,00    
2015;F;D;520;SERVICES COMMUNS;657362; 12 207 000,00    
2015;F;D;520;SERVICES COMMUNS;6574; 941 891,00    
2015;F;D;520;SERVICES COMMUNS;658; 80 000,00    
2015;F;D;520;SERVICES COMMUNS;6713; 33 000,00    
2015;F;D;522;ACTIONS EN FAVEUR DE L'ENFANCE ET DE L'ADOLESCENCE;6574; 21 973,00    
2015;F;D;524;AUTRES SERVICES;6574; 36 106,00    
2015;F;D;524;AUTRES SERVICES;6718; 50,00    
2015;F;D;64;CRECHES ET GARDERIES;6042; 2 434 800,00    
2015;F;D;64;CRECHES ET GARDERIES;60612; 174 268,00    
2015;F;D;64;CRECHES ET GARDERIES;60623; 561 000,00    
2015;F;D;64;CRECHES ET GARDERIES;60624; 7 500,00    
2015;F;D;64;CRECHES ET GARDERIES;60628; 180 400,00    
2015;F;D;64;CRECHES ET GARDERIES;60631; 50 000,00    
2015;F;D;64;CRECHES ET GARDERIES;60632; 87 000,00    
2015;F;D;64;CRECHES ET GARDERIES;60636; 27 000,00    
2015;F;D;64;CRECHES ET GARDERIES;6064; 14 000,00    
2015;F;D;64;CRECHES ET GARDERIES;61521; 6 170,00    
2015;F;D;64;CRECHES ET GARDERIES;61522; 200 330,00    
2015;F;D;64;CRECHES ET GARDERIES;61523; 4 000,00    
2015;F;D;64;CRECHES ET GARDERIES;61558; 43 000,00    
2015;F;D;64;CRECHES ET GARDERIES;6156; 70 300,00    
2015;F;D;64;CRECHES ET GARDERIES;6188; 64 500,00    
2015;F;D;64;CRECHES ET GARDERIES;6228; 12 250,00    
2015;F;D;64;CRECHES ET GARDERIES;6231; 2 000,00    
2015;F;D;64;CRECHES ET GARDERIES;6236; 300,00    
2015;F;D;64;CRECHES ET GARDERIES;6238; 17 000,00    
2015;F;D;64;CRECHES ET GARDERIES;6262; 28 000,00    
2015;F;D;64;CRECHES ET GARDERIES;627; 6 000,00    
2015;F;D;64;CRECHES ET GARDERIES;6282; 10 000,00    
2015;F;D;64;CRECHES ET GARDERIES;6283; 9 500,00    
2015;F;D;64;CRECHES ET GARDERIES;6331; 266 418,00    
2015;F;D;64;CRECHES ET GARDERIES;637; 100,00    
2015;F;D;64;CRECHES ET GARDERIES;64111; 10 989 561,00    
2015;F;D;64;CRECHES ET GARDERIES;64112; 327 913,00    
2015;F;D;64;CRECHES ET GARDERIES;64118; 2 477 514,00    
2015;F;D;64;CRECHES ET GARDERIES;64131; 2 989 438,00    
2015;F;D;64;CRECHES ET GARDERIES;6417; 53 808,00    
2015;F;D;64;CRECHES ET GARDERIES;6451; 2 702 582,00    
2015;F;D;64;CRECHES ET GARDERIES;6453; 3 558 881,00    
2015;F;D;64;CRECHES ET GARDERIES;64731; 95 604,00    
2015;F;D;64;CRECHES ET GARDERIES;6488; 623 355,00    
2015;F;D;64;CRECHES ET GARDERIES;658; 503 750,00    
2015;F;D;64;CRECHES ET GARDERIES;678; 4 000,00    
2015;F;D;810;SERVICES COMMUNS;60632; 700,00    
2015;F;D;810;SERVICES COMMUNS;60636; 500,00    
2015;F;D;810;SERVICES COMMUNS;6064; 10 000,00    
2015;F;D;810;SERVICES COMMUNS;617; 36 000,00    
2015;F;D;810;SERVICES COMMUNS;6331; 14 202,00    
2015;F;D;810;SERVICES COMMUNS;64111; 639 709,00    
2015;F;D;810;SERVICES COMMUNS;64112; 21 058,00    
2015;F;D;810;SERVICES COMMUNS;64118; 229 734,00    
2015;F;D;810;SERVICES COMMUNS;64131; 77 122,00    
2015;F;D;810;SERVICES COMMUNS;6451; 135 461,00    
2015;F;D;810;SERVICES COMMUNS;6453; 204 049,00    
2015;F;D;810;SERVICES COMMUNS;6488; 42 197,00    
2015;F;D;813;PROPRETE URBAINE;60611; 110 000,00    
2015;F;D;813;PROPRETE URBAINE;60631; 1 500,00    
2015;F;D;813;PROPRETE URBAINE;60632; 1 500,00    
2015;F;D;813;PROPRETE URBAINE;60636; 4 500,00    
2015;F;D;813;PROPRETE URBAINE;611; 20 771 079,00    
2015;F;D;813;PROPRETE URBAINE;6135; 101 000,00    
2015;F;D;813;PROPRETE URBAINE;6156; 12 000,00    
2015;F;D;813;PROPRETE URBAINE;6281; 2 100,00    
2015;F;D;813;PROPRETE URBAINE;6284; 610 000,00    
2015;F;D;813;PROPRETE URBAINE;6331; 13 123,00    
2015;F;D;813;PROPRETE URBAINE;64111; 656 815,00    
2015;F;D;813;PROPRETE URBAINE;64112; 34 959,00    
2015;F;D;813;PROPRETE URBAINE;64118; 128 990,00    
2015;F;D;813;PROPRETE URBAINE;6451; 115 376,00    
2015;F;D;813;PROPRETE URBAINE;6453; 208 835,00    
2015;F;D;813;PROPRETE URBAINE;6488; 40 808,00    
2015;F;D;814;ECLAIRAGE PUBLIC;60612; 2 538 000,00    
2015;F;D;814;ECLAIRAGE PUBLIC;60628; 147 550,00    
2015;F;D;814;ECLAIRAGE PUBLIC;60631; 2 000,00    
2015;F;D;814;ECLAIRAGE PUBLIC;60632; 171 400,00    
2015;F;D;814;ECLAIRAGE PUBLIC;60636; 6 500,00    
2015;F;D;814;ECLAIRAGE PUBLIC;6064; 1 500,00    
2015;F;D;814;ECLAIRAGE PUBLIC;611; 3 000,00    
2015;F;D;814;ECLAIRAGE PUBLIC;6135; 1 600,00    
2015;F;D;814;ECLAIRAGE PUBLIC;61523; 330 000,00    
2015;F;D;814;ECLAIRAGE PUBLIC;61558; 5 400,00    
2015;F;D;814;ECLAIRAGE PUBLIC;6156; 1 000,00    
2015;F;D;814;ECLAIRAGE PUBLIC;617; 96 000,00    
2015;F;D;814;ECLAIRAGE PUBLIC;6188; 150 000,00    
2015;F;D;814;ECLAIRAGE PUBLIC;6282; 1 000,00    
2015;F;D;814;ECLAIRAGE PUBLIC;6331; 11 261,00    
2015;F;D;814;ECLAIRAGE PUBLIC;64111; 550 328,00    
2015;F;D;814;ECLAIRAGE PUBLIC;64112; 8 546,00    
2015;F;D;814;ECLAIRAGE PUBLIC;64118; 258 559,00    
2015;F;D;814;ECLAIRAGE PUBLIC;64131; 21 684,00    
2015;F;D;814;ECLAIRAGE PUBLIC;6451; 101 857,00    
2015;F;D;814;ECLAIRAGE PUBLIC;6453; 173 451,00    
2015;F;D;814;ECLAIRAGE PUBLIC;6488; 33 345,00    
2015;F;D;816;AUTRES RESEAUX ET SERVICES DIVERS;60611; 110 000,00    
2015;F;D;816;AUTRES RESEAUX ET SERVICES DIVERS;60612; 204 000,00    
2015;F;D;816;AUTRES RESEAUX ET SERVICES DIVERS;60628; 150,00    
2015;F;D;816;AUTRES RESEAUX ET SERVICES DIVERS;60631; 100,00    
2015;F;D;816;AUTRES RESEAUX ET SERVICES DIVERS;60632; 900,00    
2015;F;D;816;AUTRES RESEAUX ET SERVICES DIVERS;60636; 300,00    
2015;F;D;816;AUTRES RESEAUX ET SERVICES DIVERS;6064; 2 000,00    
2015;F;D;816;AUTRES RESEAUX ET SERVICES DIVERS;611; 18 340,00    
2015;F;D;816;AUTRES RESEAUX ET SERVICES DIVERS;6135; 1 500,00    
2015;F;D;816;AUTRES RESEAUX ET SERVICES DIVERS;61523; 1 113 500,00    
2015;F;D;816;AUTRES RESEAUX ET SERVICES DIVERS;6156; 95 000,00    
2015;F;D;816;AUTRES RESEAUX ET SERVICES DIVERS;6228; 50 000,00    
2015;F;D;816;AUTRES RESEAUX ET SERVICES DIVERS;6231; 500,00    
2015;F;D;816;AUTRES RESEAUX ET SERVICES DIVERS;6236; 160,00    
2015;F;D;816;AUTRES RESEAUX ET SERVICES DIVERS;62878; 5 000,00    
2015;F;D;816;AUTRES RESEAUX ET SERVICES DIVERS;6331; 6 705,00    
2015;F;D;816;AUTRES RESEAUX ET SERVICES DIVERS;64111; 325 991,00    
2015;F;D;816;AUTRES RESEAUX ET SERVICES DIVERS;64112; 11 365,00    
2015;F;D;816;AUTRES RESEAUX ET SERVICES DIVERS;64118; 112 824,00    
2015;F;D;816;AUTRES RESEAUX ET SERVICES DIVERS;64131; 15 866,00    
2015;F;D;816;AUTRES RESEAUX ET SERVICES DIVERS;6451; 61 056,00    
2015;F;D;816;AUTRES RESEAUX ET SERVICES DIVERS;6453; 102 452,00    
2015;F;D;816;AUTRES RESEAUX ET SERVICES DIVERS;6488; 12 553,00    
2015;F;D;820;SERVICES COMMUNS;60628; 600,00    
2015;F;D;820;SERVICES COMMUNS;6064; 10 000,00    
2015;F;D;820;SERVICES COMMUNS;6156; 38 600,00    
2015;F;D;820;SERVICES COMMUNS;617; 25 600,00    
2015;F;D;820;SERVICES COMMUNS;6182; 2 000,00    
2015;F;D;820;SERVICES COMMUNS;6188; 660,00    
2015;F;D;820;SERVICES COMMUNS;6226; 32 000,00    
2015;F;D;820;SERVICES COMMUNS;6227; 26 550,00    
2015;F;D;820;SERVICES COMMUNS;6231; 15 940,00    
2015;F;D;820;SERVICES COMMUNS;6232; 1 850,00    
2015;F;D;820;SERVICES COMMUNS;6236; 16 500,00    
2015;F;D;820;SERVICES COMMUNS;6331; 12 965,00    
2015;F;D;820;SERVICES COMMUNS;64111; 662 985,00    
2015;F;D;820;SERVICES COMMUNS;64112; 15 425,00    
2015;F;D;820;SERVICES COMMUNS;64118; 288 249,00    
2015;F;D;820;SERVICES COMMUNS;6451; 113 900,00    
2015;F;D;820;SERVICES COMMUNS;6453; 207 747,00    
2015;F;D;820;SERVICES COMMUNS;6488; 31 637,00    
2015;F;D;821;EQUIPEMENTS DE VOIRIE;60612; 190 000,00    
2015;F;D;821;EQUIPEMENTS DE VOIRIE;60624; 300,00    
2015;F;D;821;EQUIPEMENTS DE VOIRIE;60628; 6 400,00    
2015;F;D;821;EQUIPEMENTS DE VOIRIE;60631; 1 500,00    
2015;F;D;821;EQUIPEMENTS DE VOIRIE;60632; 40 400,00    
2015;F;D;821;EQUIPEMENTS DE VOIRIE;60636; 6 000,00    
2015;F;D;821;EQUIPEMENTS DE VOIRIE;6064; 3 000,00    
2015;F;D;821;EQUIPEMENTS DE VOIRIE;611; 5 000,00    
2015;F;D;821;EQUIPEMENTS DE VOIRIE;61523; 160 000,00    
2015;F;D;821;EQUIPEMENTS DE VOIRIE;61551; 400,00    
2015;F;D;821;EQUIPEMENTS DE VOIRIE;6156; 1 157 000,00    
2015;F;D;821;EQUIPEMENTS DE VOIRIE;617; 10 000,00    
2015;F;D;821;EQUIPEMENTS DE VOIRIE;6188; 43 000,00    
2015;F;D;821;EQUIPEMENTS DE VOIRIE;6282; 10 000,00    
2015;F;D;821;EQUIPEMENTS DE VOIRIE;6331; 14 041,00    
2015;F;D;821;EQUIPEMENTS DE VOIRIE;64111; 731 430,00    
2015;F;D;821;EQUIPEMENTS DE VOIRIE;64112; 19 160,00    
2015;F;D;821;EQUIPEMENTS DE VOIRIE;64118; 280 101,00    
2015;F;D;821;EQUIPEMENTS DE VOIRIE;6451; 123 346,00    
2015;F;D;821;EQUIPEMENTS DE VOIRIE;6453; 229 439,00    
2015;F;D;821;EQUIPEMENTS DE VOIRIE;6488; 37 222,00    
2015;F;D;822;VOIRIE COMMUNALE ET ROUTES;60612; 5 000,00    
2015;F;D;822;VOIRIE COMMUNALE ET ROUTES;60624; 1 000,00    
2015;F;D;822;VOIRIE COMMUNALE ET ROUTES;60628; 11 050,00    
2015;F;D;822;VOIRIE COMMUNALE ET ROUTES;60631; 8 500,00    
2015;F;D;822;VOIRIE COMMUNALE ET ROUTES;60632; 3 050,00    
2015;F;D;822;VOIRIE COMMUNALE ET ROUTES;60633; 19 000,00    
2015;F;D;822;VOIRIE COMMUNALE ET ROUTES;6064; 6 000,00    
2015;F;D;822;VOIRIE COMMUNALE ET ROUTES;611; 1 500 500,00    
2015;F;D;822;VOIRIE COMMUNALE ET ROUTES;61522; 9 000,00    
2015;F;D;822;VOIRIE COMMUNALE ET ROUTES;61523; 1 125 500,00    
2015;F;D;822;VOIRIE COMMUNALE ET ROUTES;61551; 1 000,00    
2015;F;D;822;VOIRIE COMMUNALE ET ROUTES;61558; 37 288,00    
2015;F;D;822;VOIRIE COMMUNALE ET ROUTES;6156; 244 580,00    
2015;F;D;822;VOIRIE COMMUNALE ET ROUTES;617; 90 400,00    
2015;F;D;822;VOIRIE COMMUNALE ET ROUTES;6188; 22 000,00    
2015;F;D;822;VOIRIE COMMUNALE ET ROUTES;6226; 1 000,00    
2015;F;D;822;VOIRIE COMMUNALE ET ROUTES;6231; 100 000,00    
2015;F;D;822;VOIRIE COMMUNALE ET ROUTES;6236; 1 000,00    
2015;F;D;822;VOIRIE COMMUNALE ET ROUTES;627; 31 000,00    
2015;F;D;822;VOIRIE COMMUNALE ET ROUTES;6331; 51 612,00    
2015;F;D;822;VOIRIE COMMUNALE ET ROUTES;64111; 2 605 233,00    
2015;F;D;822;VOIRIE COMMUNALE ET ROUTES;64112; 118 869,00    
2015;F;D;822;VOIRIE COMMUNALE ET ROUTES;64118; 744 158,00    
2015;F;D;822;VOIRIE COMMUNALE ET ROUTES;64131; 22 849,00    
2015;F;D;822;VOIRIE COMMUNALE ET ROUTES;6451; 456 496,00    
2015;F;D;822;VOIRIE COMMUNALE ET ROUTES;6453; 827 301,00    
2015;F;D;822;VOIRIE COMMUNALE ET ROUTES;64731; 12 845,00    
2015;F;D;822;VOIRIE COMMUNALE ET ROUTES;6488; 144 726,00    
2015;F;D;822;VOIRIE COMMUNALE ET ROUTES;658; 101 750,00    
2015;F;D;822;VOIRIE COMMUNALE ET ROUTES;6718; 3 625 000,00    
2015;F;D;822;VOIRIE COMMUNALE ET ROUTES;678; 2 500,00    
2015;F;D;823;ESPACES VERTS URBAINS;60611; 526 737,00    
2015;F;D;823;ESPACES VERTS URBAINS;60612; 178 586,00    
2015;F;D;823;ESPACES VERTS URBAINS;60621; 5 000,00    
2015;F;D;823;ESPACES VERTS URBAINS;60622; 15 500,00    
2015;F;D;823;ESPACES VERTS URBAINS;60623; 285 400,00    
2015;F;D;823;ESPACES VERTS URBAINS;60624; 30 000,00    
2015;F;D;823;ESPACES VERTS URBAINS;60628; 195 000,00    
2015;F;D;823;ESPACES VERTS URBAINS;60631; 24 000,00    
2015;F;D;823;ESPACES VERTS URBAINS;60632; 215 000,00    
2015;F;D;823;ESPACES VERTS URBAINS;60636; 45 000,00    
2015;F;D;823;ESPACES VERTS URBAINS;6064; 10 500,00    
2015;F;D;823;ESPACES VERTS URBAINS;611; 15 000,00    
2015;F;D;823;ESPACES VERTS URBAINS;6135; 57 500,00    
2015;F;D;823;ESPACES VERTS URBAINS;61521; 1 670 000,00    
2015;F;D;823;ESPACES VERTS URBAINS;61522; 27 000,00    
2015;F;D;823;ESPACES VERTS URBAINS;61523; 326 500,00    
2015;F;D;823;ESPACES VERTS URBAINS;61524; 405 000,00    
2015;F;D;823;ESPACES VERTS URBAINS;61551; 50 000,00    
2015;F;D;823;ESPACES VERTS URBAINS;61558; 10 000,00    
2015;F;D;823;ESPACES VERTS URBAINS;6156; 88 000,00    
2015;F;D;823;ESPACES VERTS URBAINS;617; 56 000,00    
2015;F;D;823;ESPACES VERTS URBAINS;6188; 42 500,00    
2015;F;D;823;ESPACES VERTS URBAINS;6226; 18 000,00    
2015;F;D;823;ESPACES VERTS URBAINS;6228; 30 000,00    
2015;F;D;823;ESPACES VERTS URBAINS;6232; 5 000,00    
2015;F;D;823;ESPACES VERTS URBAINS;6233; 15 000,00    
2015;F;D;823;ESPACES VERTS URBAINS;6236; 11 700,00    
2015;F;D;823;ESPACES VERTS URBAINS;6238; 73 600,00    
2015;F;D;823;ESPACES VERTS URBAINS;6241; 13 000,00    
2015;F;D;823;ESPACES VERTS URBAINS;6247; 1 400,00    
2015;F;D;823;ESPACES VERTS URBAINS;6261; 500,00    
2015;F;D;823;ESPACES VERTS URBAINS;627; 2 200,00    
2015;F;D;823;ESPACES VERTS URBAINS;6281; 46 250,00    
2015;F;D;823;ESPACES VERTS URBAINS;6282; 135 000,00    
2015;F;D;823;ESPACES VERTS URBAINS;6283; 21 500,00    
2015;F;D;823;ESPACES VERTS URBAINS;62878; 11 563,00    
2015;F;D;823;ESPACES VERTS URBAINS;6288; 1 000,00    
2015;F;D;823;ESPACES VERTS URBAINS;6331; 111 494,00    
2015;F;D;823;ESPACES VERTS URBAINS;64111; 5 434 688,00    
2015;F;D;823;ESPACES VERTS URBAINS;64112; 171 869,00    
2015;F;D;823;ESPACES VERTS URBAINS;64118; 2 295 026,00    
2015;F;D;823;ESPACES VERTS URBAINS;64131; 646 982,00    
2015;F;D;823;ESPACES VERTS URBAINS;6451; 1 030 639,00    
2015;F;D;823;ESPACES VERTS URBAINS;6453; 1 730 717,00    
2015;F;D;823;ESPACES VERTS URBAINS;64731; 39 515,00    
2015;F;D;823;ESPACES VERTS URBAINS;6488; 326 137,00    
2015;F;D;823;ESPACES VERTS URBAINS;678; 1 000,00    
2015;F;D;824;AUTRES OPERATIONS D'AMENAGEMENT URBAIN;60624; 24,00    
2015;F;D;824;AUTRES OPERATIONS D'AMENAGEMENT URBAIN;6064; 976,00    
2015;F;D;824;AUTRES OPERATIONS D'AMENAGEMENT URBAIN;611; 2 500,00    
2015;F;D;824;AUTRES OPERATIONS D'AMENAGEMENT URBAIN;61522; 48 000,00    
2015;F;D;824;AUTRES OPERATIONS D'AMENAGEMENT URBAIN;6156; 2 159,00    
2015;F;D;824;AUTRES OPERATIONS D'AMENAGEMENT URBAIN;617; 114 200,00    
2015;F;D;824;AUTRES OPERATIONS D'AMENAGEMENT URBAIN;6226; 5 000,00    
2015;F;D;824;AUTRES OPERATIONS D'AMENAGEMENT URBAIN;6233; 5 000,00    
2015;F;D;824;AUTRES OPERATIONS D'AMENAGEMENT URBAIN;6236; 5 000,00    
2015;F;D;824;AUTRES OPERATIONS D'AMENAGEMENT URBAIN;6241; 600,00    
2015;F;D;824;AUTRES OPERATIONS D'AMENAGEMENT URBAIN;6281; 16 500,00    
2015;F;D;824;AUTRES OPERATIONS D'AMENAGEMENT URBAIN;6282; 300,00    
2015;F;D;824;AUTRES OPERATIONS D'AMENAGEMENT URBAIN;6331; 46 906,00    
2015;F;D;824;AUTRES OPERATIONS D'AMENAGEMENT URBAIN;637; 341,00    
2015;F;D;824;AUTRES OPERATIONS D'AMENAGEMENT URBAIN;64111; 2 302 008,00    
2015;F;D;824;AUTRES OPERATIONS D'AMENAGEMENT URBAIN;64112; 51 980,00    
2015;F;D;824;AUTRES OPERATIONS D'AMENAGEMENT URBAIN;64118; 644 163,00    
2015;F;D;824;AUTRES OPERATIONS D'AMENAGEMENT URBAIN;64131; 102 108,00    
2015;F;D;824;AUTRES OPERATIONS D'AMENAGEMENT URBAIN;6451; 425 469,00    
2015;F;D;824;AUTRES OPERATIONS D'AMENAGEMENT URBAIN;6453; 723 702,00    
2015;F;D;824;AUTRES OPERATIONS D'AMENAGEMENT URBAIN;6488; 112 283,00    
2015;F;D;824;AUTRES OPERATIONS D'AMENAGEMENT URBAIN;65738; 196 024,00    
2015;F;D;824;AUTRES OPERATIONS D'AMENAGEMENT URBAIN;6574; 89 180,00    
2015;F;D;832;ACTIONS SPECIFIQUES DE LUTTE CONTRE LA POLLUTION;6281; 16 500,00    
2015;F;D;832;ACTIONS SPECIFIQUES DE LUTTE CONTRE LA POLLUTION;6574; 5 400,00    
2015;F;D;833;PRESERVATION DU MILIEU NATUREL;6574; 14 943,00    
2015;F;D;90;INTERVENTIONS ECONOMIQUES;60623; 8 000,00    
2015;F;D;90;INTERVENTIONS ECONOMIQUES;6132; 554 525,00    
2015;F;D;90;INTERVENTIONS ECONOMIQUES;6135; 42 200,00    
2015;F;D;90;INTERVENTIONS ECONOMIQUES;6188; 376 600,00    
2015;F;D;90;INTERVENTIONS ECONOMIQUES;6231; 150 000,00    
2015;F;D;90;INTERVENTIONS ECONOMIQUES;6232; 33 776,00    
2015;F;D;90;INTERVENTIONS ECONOMIQUES;6233; 133 000,00    
2015;F;D;90;INTERVENTIONS ECONOMIQUES;6236; 8 400,00    
2015;F;D;90;INTERVENTIONS ECONOMIQUES;6282; 5 884,00    
2015;F;D;90;INTERVENTIONS ECONOMIQUES;6532; 15 000,00    
2015;F;D;90;INTERVENTIONS ECONOMIQUES;6574; 67 586,00    
2015;F;D;91;FOIRES ET MARCHES;60612; 137 994,00    
2015;F;D;91;FOIRES ET MARCHES;60628; 21 000,00    
2015;F;D;91;FOIRES ET MARCHES;60631; 750,00    
2015;F;D;91;FOIRES ET MARCHES;60632; 5 000,00    
2015;F;D;91;FOIRES ET MARCHES;60636; 1 000,00    
2015;F;D;91;FOIRES ET MARCHES;611; 59 500,00    
2015;F;D;91;FOIRES ET MARCHES;6135; 385 000,00    
2015;F;D;91;FOIRES ET MARCHES;61522; 7 500,00    
2015;F;D;91;FOIRES ET MARCHES;61523; 7 500,00    
2015;F;D;91;FOIRES ET MARCHES;6156; 46 500,00    
2015;F;D;91;FOIRES ET MARCHES;617; 39 500,00    
2015;F;D;91;FOIRES ET MARCHES;6184; 2 000,00    
2015;F;D;91;FOIRES ET MARCHES;6188; 130 000,00    
2015;F;D;91;FOIRES ET MARCHES;6227; 3 000,00    
2015;F;D;91;FOIRES ET MARCHES;6231; 5 000,00    
2015;F;D;91;FOIRES ET MARCHES;6233; 35 000,00    
2015;F;D;91;FOIRES ET MARCHES;6238; 372 000,00    
2015;F;D;91;FOIRES ET MARCHES;627; 1 500,00    
2015;F;D;91;FOIRES ET MARCHES;6282; 185 000,00    
2015;F;D;91;FOIRES ET MARCHES;6283; 44 750,00    
2015;F;D;91;FOIRES ET MARCHES;6331; 11 534,00    
2015;F;D;91;FOIRES ET MARCHES;64111; 573 241,00    
2015;F;D;91;FOIRES ET MARCHES;64112; 33 226,00    
2015;F;D;91;FOIRES ET MARCHES;64118; 275 167,00    
2015;F;D;91;FOIRES ET MARCHES;64131; 16 839,00    
2015;F;D;91;FOIRES ET MARCHES;6451; 101 386,00    
2015;F;D;91;FOIRES ET MARCHES;6453; 183 621,00    
2015;F;D;91;FOIRES ET MARCHES;6488; 35 464,00    
2015;F;D;91;FOIRES ET MARCHES;658; 47 500,00    
2015;F;D;95;AIDES AU TOURISME;6574; 2 125 000,00    
2015;F;D;;;023; 343 641,00    
2015;F;D;;;637; 120 000,00    
2015;F;D;;;6541; 150 000,00    
2015;F;D;;;6542; 150 000,00    
2015;F;D;;;6561; 244 184,00    
2015;F;D;;;66111; 5 900 000,00    
2015;F;D;;;66112; 560 000,00    
2015;F;D;;;6615; 80 000,00    
2015;F;D;;;6688; 82 000,00    
2015;F;D;;;673; 300 000,00    
2015;F;D;;;6811; 17 010 062,00    
2015;F;D;;;6817; 300 000,00    
2015;F;D;;;73921; 47 891 323,00    
2015;F;R;020;ADMINISTRATION GENERALE DE LA COLLECTIVITE;6419; 132 780,00    
2015;F;R;020;ADMINISTRATION GENERALE DE LA COLLECTIVITE;70323; 2 000 620,00    
2015;F;R;020;ADMINISTRATION GENERALE DE LA COLLECTIVITE;70841; 70 000,00    
2015;F;R;020;ADMINISTRATION GENERALE DE LA COLLECTIVITE;70848; 321 210,00    
2015;F;R;020;ADMINISTRATION GENERALE DE LA COLLECTIVITE;70873; 80 000,00    
2015;F;R;020;ADMINISTRATION GENERALE DE LA COLLECTIVITE;70876; 775 499,00    
2015;F;R;020;ADMINISTRATION GENERALE DE LA COLLECTIVITE;70878; 373 993,00    
2015;F;R;020;ADMINISTRATION GENERALE DE LA COLLECTIVITE;7088; 3 500,00    
2015;F;R;020;ADMINISTRATION GENERALE DE LA COLLECTIVITE;74718; 30 500,00    
2015;F;R;020;ADMINISTRATION GENERALE DE LA COLLECTIVITE;7478; 284 721,00    
2015;F;R;020;ADMINISTRATION GENERALE DE LA COLLECTIVITE;752; 585 000,00    
2015;F;R;020;ADMINISTRATION GENERALE DE LA COLLECTIVITE;758; 760 526,00    
2015;F;R;020;ADMINISTRATION GENERALE DE LA COLLECTIVITE;7718; 3 710 000,00    
2015;F;R;020;ADMINISTRATION GENERALE DE LA COLLECTIVITE;773; 2 000,00    
2015;F;R;020;ADMINISTRATION GENERALE DE LA COLLECTIVITE;7788; 243 100,00    
2015;F;R;021;ASSEMBLEE LOCALE;758; 33 982,00    
2015;F;R;022;ADMINISTRATION GENERALE DE L'ETAT;74718; 232 846,00    
2015;F;R;022;ADMINISTRATION GENERALE DE L'ETAT;758; 80 996,00    
2015;F;R;023;INFORMATION, COMMUNICATION, PUBLICITE;758; 22 738,00    
2015;F;R;024;FETES ET CEREMONIES;7083; 1 600,00    
2015;F;R;024;FETES ET CEREMONIES;752; 40 000,00    
2015;F;R;024;FETES ET CEREMONIES;758; 35 925,00    
2015;F;R;026;CIMETIERES ET POMPES FUNEBRES;70311; 407 956,00    
2015;F;R;026;CIMETIERES ET POMPES FUNEBRES;70312; 87 472,00    
2015;F;R;026;CIMETIERES ET POMPES FUNEBRES;758; 1 000,00    
2015;F;R;048;AUTRES ACTIONS DE COOPERATION DECENTRALISEE;758; 10 380,00    
2015;F;R;112;POLICE MUNICIPALE;757; 150 000,00    
2015;F;R;112;POLICE MUNICIPALE;758; 146 552,00    
2015;F;R;12;HYGIENE ET SALUBRITE PUBLIQUE;758; 17 891,00    
2015;F;R;213;CLASSES REGROUPEES;70874; 130 000,00    
2015;F;R;213;CLASSES REGROUPEES;74718; 1 800 000,00    
2015;F;R;213;CLASSES REGROUPEES;752; 100 000,00    
2015;F;R;213;CLASSES REGROUPEES;758; 226 742,00    
2015;F;R;251;HEBERGEMENT ET RESTAURATION SCOLAIRE;7067; 4 100 000,00    
2015;F;R;251;HEBERGEMENT ET RESTAURATION SCOLAIRE;70688; 200 000,00    
2015;F;R;251;HEBERGEMENT ET RESTAURATION SCOLAIRE;7488; 15 000,00    
2015;F;R;251;HEBERGEMENT ET RESTAURATION SCOLAIRE;758; 1 439,00    
2015;F;R;30;SERVICES COMMUNS;7062; 2 500,00    
2015;F;R;30;SERVICES COMMUNS;7088; 25 000,00    
2015;F;R;30;SERVICES COMMUNS;752; 14 000,00    
2015;F;R;30;SERVICES COMMUNS;758; 42 626,00    
2015;F;R;311;EXPRESSION MUSICALE, LYRIQUE ET CHOREGRAPHIQUE;752; 78 000,00    
2015;F;R;313;THEATRES;7062; 85 000,00    
2015;F;R;313;THEATRES;7472; 55 000,00    
2015;F;R;313;THEATRES;758; 6 639,00    
2015;F;R;314;CINEMAS ET AUTRES SALLES DE SPECTACLES;7062; 100 000,00    
2015;F;R;314;CINEMAS ET AUTRES SALLES DE SPECTACLES;758; 1 000,00    
2015;F;R;322;MUSEES;758; 1 000,00    
2015;F;R;323;ARCHIVES;7062; 1 200,00    
2015;F;R;323;ARCHIVES;758; 16 176,00    
2015;F;R;40;SERVICES COMMUNS;70631; 5 500,00    
2015;F;R;40;SERVICES COMMUNS;758; 81 064,00    
2015;F;R;411;SALLES DE SPORT, GYMNASES;752; 180 000,00    
2015;F;R;412;STADES;752; 63 000,00    
2015;F;R;421;CENTRES DE LOISIRS;7067; 600 000,00    
2015;F;R;421;CENTRES DE LOISIRS;7478; 1 285 000,00    
2015;F;R;421;CENTRES DE LOISIRS;758; 2 255,00    
2015;F;R;422;AUTRES ACTIVITES POUR LES JEUNES;7062; 360 000,00    
2015;F;R;422;AUTRES ACTIVITES POUR LES JEUNES;70631; 7 000,00    
2015;F;R;422;AUTRES ACTIVITES POUR LES JEUNES;70632; 3 000,00    
2015;F;R;422;AUTRES ACTIVITES POUR LES JEUNES;7066; 53 300,00    
2015;F;R;422;AUTRES ACTIVITES POUR LES JEUNES;7088; 72 400,00    
2015;F;R;422;AUTRES ACTIVITES POUR LES JEUNES;7473; 1 000,00    
2015;F;R;422;AUTRES ACTIVITES POUR LES JEUNES;752; 90 000,00    
2015;F;R;422;AUTRES ACTIVITES POUR LES JEUNES;758; 107 230,00    
2015;F;R;520;SERVICES COMMUNS;70878; 38 000,00    
2015;F;R;520;SERVICES COMMUNS;7473; 207 000,00    
2015;F;R;520;SERVICES COMMUNS;752; 22 200,00    
2015;F;R;520;SERVICES COMMUNS;758; 4 660,00    
2015;F;R;524;AUTRES SERVICES;70321; 20 000,00    
2015;F;R;64;CRECHES ET GARDERIES;7066; 3 100 000,00    
2015;F;R;64;CRECHES ET GARDERIES;7473; 105 000,00    
2015;F;R;64;CRECHES ET GARDERIES;7478; 11 410 000,00    
2015;F;R;64;CRECHES ET GARDERIES;758; 326 303,00    
2015;F;R;810;SERVICES COMMUNS;70323; 129 000,00    
2015;F;R;810;SERVICES COMMUNS;758; 54 031,00    
2015;F;R;813;PROPRETE URBAINE;70878; 87 000,00    
2015;F;R;813;PROPRETE URBAINE;758; 1 000,00    
2015;F;R;814;ECLAIRAGE PUBLIC;758; 17 796,00    
2015;F;R;816;AUTRES RESEAUX ET SERVICES DIVERS;758; 7 943,00    
2015;F;R;820;SERVICES COMMUNS;758; 53 049,00    
2015;F;R;821;EQUIPEMENTS DE VOIRIE;70323; 1 385 000,00    
2015;F;R;821;EQUIPEMENTS DE VOIRIE;758; 22 538,00    
2015;F;R;822;VOIRIE COMMUNALE ET ROUTES;70321; 62 000,00    
2015;F;R;822;VOIRIE COMMUNALE ET ROUTES;70323; 3 000,00    
2015;F;R;822;VOIRIE COMMUNALE ET ROUTES;70846; 9 195 000,00    
2015;F;R;822;VOIRIE COMMUNALE ET ROUTES;70876; 27 213 361,00    
2015;F;R;822;VOIRIE COMMUNALE ET ROUTES;7337; 4 400 000,00    
2015;F;R;822;VOIRIE COMMUNALE ET ROUTES;752; 771 600,00    
2015;F;R;822;VOIRIE COMMUNALE ET ROUTES;758; 67 305,00    
2015;F;R;822;VOIRIE COMMUNALE ET ROUTES;7718; 3 858 000,00    
2015;F;R;823;ESPACES VERTS URBAINS;70632; 400 000,00    
2015;F;R;823;ESPACES VERTS URBAINS;70688; 20 000,00    
2015;F;R;823;ESPACES VERTS URBAINS;758; 167 704,00    
2015;F;R;823;ESPACES VERTS URBAINS;7711; 3 000,00    
2015;F;R;824;AUTRES OPERATIONS D'AMENAGEMENT URBAIN;70323; 33 040,00    
2015;F;R;824;AUTRES OPERATIONS D'AMENAGEMENT URBAIN;758; 1 000,00    
2015;F;R;90;INTERVENTIONS ECONOMIQUES;7718; 173 000,00    
2015;F;R;91;FOIRES ET MARCHES;70321; 60 720,00    
2015;F;R;91;FOIRES ET MARCHES;70323; 2 700 000,00    
2015;F;R;91;FOIRES ET MARCHES;70328; 450 000,00    
2015;F;R;91;FOIRES ET MARCHES;757; 510 000,00    
2015;F;R;91;FOIRES ET MARCHES;758; 129 708,00    
2015;F;R;95;AIDES AU TOURISME;70876; 2 126 111,00    
2015;F;R;;;73111; 186 737 387,00    
2015;F;R;;;7325; 3 173 500,00    
2015;F;R;;;7343; 55 800,00    
2015;F;R;;;7351; 1 150 000,00    
2015;F;R;;;7362; 1 320 000,00    
2015;F;R;;;7368; 1 277 000,00    
2015;F;R;;;7381; 8 630 000,00    
2015;F;R;;;7411; 44 021 397,00    
2015;F;R;;;74123; 16 215 071,00    
2015;F;R;;;74127; 4 278 420,00    
2015;F;R;;;745; 9 000,00    
2015;F;R;;;746; 1 217 948,00    
2015;F;R;;;74712; 611 376,00    
2015;F;R;;;74718; 30 900,00    
2015;F;R;;;7473; 109 800,00    
2015;F;R;;;74758; 248 400,00    
2015;F;R;;;7478; 486 067,00    
2015;F;R;;;7482; 25 000,00    
2015;F;R;;;74833; 462 065,00    
2015;F;R;;;74834; 866 782,00    
2015;F;R;;;74835; 6 405 519,00    
2015;F;R;;;758; 454,00    
2015;F;R;;;761; 16 000,00    
2015;F;R;;;764; 9 000,00    
2015;F;R;;;7688; 469 542,00    
2015;F;R;;;7817; 300 000,00    
2015;I;D;020;ADMINISTRATION GENERALE DE LA COLLECTIVITE;202; 12 000,00    
2015;I;D;020;ADMINISTRATION GENERALE DE LA COLLECTIVITE;2031; 485 700,00    
2015;I;D;020;ADMINISTRATION GENERALE DE LA COLLECTIVITE;2051; 430 580,00    
2015;I;D;020;ADMINISTRATION GENERALE DE LA COLLECTIVITE;21311; 112 145,00    
2015;I;D;020;ADMINISTRATION GENERALE DE LA COLLECTIVITE;21318; 632 040,00    
2015;I;D;020;ADMINISTRATION GENERALE DE LA COLLECTIVITE;2135; 491 520,00    
2015;I;D;020;ADMINISTRATION GENERALE DE LA COLLECTIVITE;21531; 100 000,00    
2015;I;D;020;ADMINISTRATION GENERALE DE LA COLLECTIVITE;21533; 24 000,00    
2015;I;D;020;ADMINISTRATION GENERALE DE LA COLLECTIVITE;21534; 120 000,00    
2015;I;D;020;ADMINISTRATION GENERALE DE LA COLLECTIVITE;2182; 385 000,00    
2015;I;D;020;ADMINISTRATION GENERALE DE LA COLLECTIVITE;2183; 486 340,00    
2015;I;D;020;ADMINISTRATION GENERALE DE LA COLLECTIVITE;2184; 156 147,00    
2015;I;D;020;ADMINISTRATION GENERALE DE LA COLLECTIVITE;2188; 200 160,00    
2015;I;D;020;ADMINISTRATION GENERALE DE LA COLLECTIVITE;2313; 150 000,00    
2015;I;D;023;INFORMATION, COMMUNICATION, PUBLICITE;2051; 4 000,00    
2015;I;D;023;INFORMATION, COMMUNICATION, PUBLICITE;2188; 4 000,00    
2015;I;D;024;FETES ET CEREMONIES;2182; 6 182,00    
2015;I;D;024;FETES ET CEREMONIES;2188; 22 321,00    
2015;I;D;026;CIMETIERES ET POMPES FUNEBRES;2312; 566 000,00    
2015;I;D;048;AUTRES ACTIONS DE COOPERATION DECENTRALISEE;2184; 4 000,00    
2015;I;D;048;AUTRES ACTIONS DE COOPERATION DECENTRALISEE;2188; 4 000,00    
2015;I;D;112;POLICE MUNICIPALE;2031; 40 000,00    
2015;I;D;112;POLICE MUNICIPALE;21538; 382 000,00    
2015;I;D;112;POLICE MUNICIPALE;2182; 217 000,00    
2015;I;D;112;POLICE MUNICIPALE;2183; 37 840,00    
2015;I;D;112;POLICE MUNICIPALE;2188; 269 550,00    
2015;I;D;112;POLICE MUNICIPALE;2313; 1 960 000,00    
2015;I;D;12;HYGIENE ET SALUBRITE PUBLIQUE;2188; 15 000,00    
2015;I;D;211;ECOLES MATERNELLES;2031; 100 000,00    
2015;I;D;211;ECOLES MATERNELLES;21312; 3 402 250,00    
2015;I;D;211;ECOLES MATERNELLES;21568; 30 000,00    
2015;I;D;211;ECOLES MATERNELLES;2183; 14 000,00    
2015;I;D;211;ECOLES MATERNELLES;2184; 145 500,00    
2015;I;D;211;ECOLES MATERNELLES;2188; 111 000,00    
2015;I;D;211;ECOLES MATERNELLES;2313; 40 000,00    
2015;I;D;212;ECOLES PRIMAIRES;2031; 85 000,00    
2015;I;D;212;ECOLES PRIMAIRES;21312; 1 944 250,00    
2015;I;D;212;ECOLES PRIMAIRES;21568; 30 000,00    
2015;I;D;212;ECOLES PRIMAIRES;2183; 145 000,00    
2015;I;D;212;ECOLES PRIMAIRES;2184; 152 500,00    
2015;I;D;212;ECOLES PRIMAIRES;2188; 73 000,00    
2015;I;D;212;ECOLES PRIMAIRES;2315; 1 000,00    
2015;I;D;213;CLASSES REGROUPEES;2031; 704 000,00    
2015;I;D;213;CLASSES REGROUPEES;2051; 5 500,00    
2015;I;D;213;CLASSES REGROUPEES;21312; 3 182 030,00    
2015;I;D;213;CLASSES REGROUPEES;2188; 8 000,00    
2015;I;D;213;CLASSES REGROUPEES;2313; 3 520 000,00    
2015;I;D;251;HEBERGEMENT ET RESTAURATION SCOLAIRE;21312; 300 000,00    
2015;I;D;251;HEBERGEMENT ET RESTAURATION SCOLAIRE;21568; 4 800,00    
2015;I;D;251;HEBERGEMENT ET RESTAURATION SCOLAIRE;2184; 12 000,00    
2015;I;D;251;HEBERGEMENT ET RESTAURATION SCOLAIRE;2188; 90 000,00    
2015;I;D;251;HEBERGEMENT ET RESTAURATION SCOLAIRE;2313; 189 000,00    
2015;I;D;313;THEATRES;21318; 22 640,00    
2015;I;D;313;THEATRES;2188; 2 000,00    
2015;I;D;323;ARCHIVES;2168; 8 000,00    
2015;I;D;323;ARCHIVES;2316; 20 000,00    
2015;I;D;324;ENTRETIEN DU PATRIMOINE CULTUREL;2031; 150,00    
2015;I;D;324;ENTRETIEN DU PATRIMOINE CULTUREL;21318; 755 360,00    
2015;I;D;324;ENTRETIEN DU PATRIMOINE CULTUREL;2168; 30 000,00    
2015;I;D;324;ENTRETIEN DU PATRIMOINE CULTUREL;2188; 40 000,00    
2015;I;D;324;ENTRETIEN DU PATRIMOINE CULTUREL;2313; 106 040,00    
2015;I;D;324;ENTRETIEN DU PATRIMOINE CULTUREL;2315; 459 000,00    
2015;I;D;324;ENTRETIEN DU PATRIMOINE CULTUREL;2316; 25 000,00    
2015;I;D;40;SERVICES COMMUNS;21318; 935 000,00    
2015;I;D;411;SALLES DE SPORT, GYMNASES;21318; 710 000,00    
2015;I;D;412;STADES;2113; 200 000,00    
2015;I;D;412;STADES;21318; 400 000,00    
2015;I;D;412;STADES;2188; 100 000,00    
2015;I;D;412;STADES;2312; 290 000,00    
2015;I;D;421;CENTRES DE LOISIRS;21318; 20 000,00    
2015;I;D;421;CENTRES DE LOISIRS;2183; 500,00    
2015;I;D;421;CENTRES DE LOISIRS;2184; 5 000,00    
2015;I;D;421;CENTRES DE LOISIRS;2188; 45 000,00    
2015;I;D;422;AUTRES ACTIVITES POUR LES JEUNES;2051; 2 000,00    
2015;I;D;422;AUTRES ACTIVITES POUR LES JEUNES;21318; 210 000,00    
2015;I;D;422;AUTRES ACTIVITES POUR LES JEUNES;2183; 51 000,00    
2015;I;D;422;AUTRES ACTIVITES POUR LES JEUNES;2184; 44 000,00    
2015;I;D;422;AUTRES ACTIVITES POUR LES JEUNES;2188; 52 000,00    
2015;I;D;520;SERVICES COMMUNS;2184; 6 000,00    
2015;I;D;520;SERVICES COMMUNS;274; 112 000,00    
2015;I;D;524;AUTRES SERVICES;2031; 50 000,00    
2015;I;D;64;CRECHES ET GARDERIES;2031; 145 000,00    
2015;I;D;64;CRECHES ET GARDERIES;20422; 40 000,00    
2015;I;D;64;CRECHES ET GARDERIES;2051; 185 000,00    
2015;I;D;64;CRECHES ET GARDERIES;21318; 709 879,00    
2015;I;D;64;CRECHES ET GARDERIES;2183; 2 000,00    
2015;I;D;64;CRECHES ET GARDERIES;2184; 37 000,00    
2015;I;D;64;CRECHES ET GARDERIES;2188; 48 000,00    
2015;I;D;64;CRECHES ET GARDERIES;2312; 80 000,00    
2015;I;D;64;CRECHES ET GARDERIES;2313; 1 288 121,00    
2015;I;D;810;SERVICES COMMUNS;21533; 75 000,00    
2015;I;D;810;SERVICES COMMUNS;2315; 1 835 000,00    
2015;I;D;813;PROPRETE URBAINE;2188; 190 000,00    
2015;I;D;813;PROPRETE URBAINE;2315; 200 000,00    
2015;I;D;813;PROPRETE URBAINE;2318; 60 000,00    
2015;I;D;816;AUTRES RESEAUX ET SERVICES DIVERS;2315; 160 000,00    
2015;I;D;820;SERVICES COMMUNS;2051; 21,00    
2015;I;D;821;EQUIPEMENTS DE VOIRIE;2051; 40 000,00    
2015;I;D;821;EQUIPEMENTS DE VOIRIE;2188; 1 500,00    
2015;I;D;822;VOIRIE COMMUNALE ET ROUTES;2041512; 6 604 535,00    
2015;I;D;822;VOIRIE COMMUNALE ET ROUTES;2135; 20 000,00    
2015;I;D;822;VOIRIE COMMUNALE ET ROUTES;2315; 99 979,00    
2015;I;D;823;ESPACES VERTS URBAINS;2031; 48 000,00    
2015;I;D;823;ESPACES VERTS URBAINS;2121; 210 000,00    
2015;I;D;823;ESPACES VERTS URBAINS;21568; 30 000,00    
2015;I;D;823;ESPACES VERTS URBAINS;2182; 30 000,00    
2015;I;D;823;ESPACES VERTS URBAINS;2183; 3 000,00    
2015;I;D;823;ESPACES VERTS URBAINS;2184; 250 000,00    
2015;I;D;823;ESPACES VERTS URBAINS;2188; 170 000,00    
2015;I;D;823;ESPACES VERTS URBAINS;2312; 1 290 000,00    
2015;I;D;823;ESPACES VERTS URBAINS;2313; 2 733 800,00    
2015;I;D;824;AUTRES OPERATIONS D'AMENAGEMENT URBAIN;202; 15 000,00    
2015;I;D;824;AUTRES OPERATIONS D'AMENAGEMENT URBAIN;2031; 1 609 770,80    
2015;I;D;824;AUTRES OPERATIONS D'AMENAGEMENT URBAIN;204182; 93 843,00    
2015;I;D;824;AUTRES OPERATIONS D'AMENAGEMENT URBAIN;20421; 80 000,00    
2015;I;D;824;AUTRES OPERATIONS D'AMENAGEMENT URBAIN;20422; 4 211 038,00    
2015;I;D;824;AUTRES OPERATIONS D'AMENAGEMENT URBAIN;2111; 1 934 000,00    
2015;I;D;824;AUTRES OPERATIONS D'AMENAGEMENT URBAIN;2112; 50 000,00    
2015;I;D;824;AUTRES OPERATIONS D'AMENAGEMENT URBAIN;2138; 3 205 025,00    
2015;I;D;824;AUTRES OPERATIONS D'AMENAGEMENT URBAIN;2188; 50,00    
2015;I;D;824;AUTRES OPERATIONS D'AMENAGEMENT URBAIN;2312; 120 000,00    
2015;I;D;824;AUTRES OPERATIONS D'AMENAGEMENT URBAIN;2313; 1 270 329,20    
2015;I;D;824;AUTRES OPERATIONS D'AMENAGEMENT URBAIN;2315; 16 165 578,00    
2015;I;D;91;FOIRES ET MARCHES;2031; 10 000,00    
2015;I;D;91;FOIRES ET MARCHES;2051; 15 000,00    
2015;I;D;91;FOIRES ET MARCHES;2188; 15 000,00    
2015;I;D;91;FOIRES ET MARCHES;2313; 5 000,00    
2015;I;D;91;FOIRES ET MARCHES;2315; 150 000,00    
2015;I;D;;;1641; 12 120 000,00    
2015;I;D;;;16441; 19 827 584,00    
2015;I;D;;;165; 9 000,00    
2015;I;D;;;16818; 45 000,00    
2015;I;D;;;2111; 500 000,00    
2015;I;D;;;2112; 500 000,00    
2015;I;D;;;274; 12 500 000,00    
2015;I;D;;;275; 200 000,00    
2015;I;D;;;4541; 86 000,00    
2015;I;D;;;4581; 17 760 059,00    
2015;I;R;020;ADMINISTRATION GENERALE DE LA COLLECTIVITE;1321; 340 000,00    
2015;I;R;112;POLICE MUNICIPALE;1321; 37 200,00    
2015;I;R;213;CLASSES REGROUPEES;1322; 146 538,00    
2015;I;R;213;CLASSES REGROUPEES;1328; 1 251 507,00    
2015;I;R;322;MUSEES;13251; 694 350,00    
2015;I;R;324;ENTRETIEN DU PATRIMOINE CULTUREL;1321; 181 179,00    
2015;I;R;520;SERVICES COMMUNS;274; 112 000,00    
2015;I;R;64;CRECHES ET GARDERIES;1323; 16 000,00    
2015;I;R;64;CRECHES ET GARDERIES;1328; 320 183,00    
2015;I;R;813;PROPRETE URBAINE;1328; 40 595,00    
2015;I;R;822;VOIRIE COMMUNALE ET ROUTES;1327; 152 123,00    
2015;I;R;823;ESPACES VERTS URBAINS;1321; 100 000,00    
2015;I;R;823;ESPACES VERTS URBAINS;1328; 285 000,00    
2015;I;R;824;AUTRES OPERATIONS D'AMENAGEMENT URBAIN;1321; 119 848,00    
2015;I;R;824;AUTRES OPERATIONS D'AMENAGEMENT URBAIN;13251; 138 975,00    
2015;I;R;824;AUTRES OPERATIONS D'AMENAGEMENT URBAIN;1328; 19 110 539,00    
2015;I;R;824;AUTRES OPERATIONS D'AMENAGEMENT URBAIN;1343; 3 243 606,00    
2015;I;R;824;AUTRES OPERATIONS D'AMENAGEMENT URBAIN;1345; 15 000,00    
2015;I;R;91;FOIRES ET MARCHES;13258; 164 300,00    
2015;I;R;;;021; 343 641,00    
2015;I;R;;;024; 8 222 346,00    
2015;I;R;;;10222; 8 500 000,00    
2015;I;R;;;10223; 3 000,00    
2015;I;R;;;10226; 1 500 000,00    
2015;I;R;;;1328; 1 000 000,00    
2015;I;R;;;1342; 6 400 000,00    
2015;I;R;;;1641; 16 013 522,00    
2015;I;R;;;16441; 19 827 584,00    
2015;I;R;;;165; 5 000,00    
2015;I;R;;;16818; 50 000,00    
2015;I;R;;;274; 12 000 000,00    
2015;I;R;;;275; 200 000,00    
2015;I;R;;;2802; 83 819,00    
2015;I;R;;;28031; 1 073 183,00    
2015;I;R;;;28033; 25 969,00    
2015;I;R;;;2804132; 197 826,00    
2015;I;R;;;28041582; 837 717,00    
2015;I;R;;;2804181; 57 772,00    
2015;I;R;;;2804182; 29 064,00    
2015;I;R;;;280421; 42 569,00    
2015;I;R;;;280422; 5 614 990,00    
2015;I;R;;;28051; 849 581,00    
2015;I;R;;;28088; 7 099,00    
2015;I;R;;;28121; 198 051,00    
2015;I;R;;;28128; 486 608,00    
2015;I;R;;;28132; 574 839,00    
2015;I;R;;;281531; 12 664,00    
2015;I;R;;;281532; 1 354,00    
2015;I;R;;;281533; 34 989,00    
2015;I;R;;;281534; 80 828,00    
2015;I;R;;;281538; 6 737,00    
2015;I;R;;;281568; 135 649,00    
2015;I;R;;;28158; 3 582,00    
2015;I;R;;;28182; 595 681,00    
2015;I;R;;;28183; 2 062 320,00    
2015;I;R;;;28184; 946 006,00    
2015;I;R;;;28188; 3 051 165,00    
2015;I;R;;;4542; 86 000,00    
2015;I;R;;;4582; 17 760 059,00    
