jahr,klasse_ch,projekttyp,forschungsstaette,finanzquelle,finanzbeitrag
2015,1,"FE","Ausland","BFE",79594.72
2015,1,"FE","BFH","BFE",506500.00
2015,1,"FE","BFH","KTI",921290.20
2015,1,"FE","BFH","Kantone",1672566.39
2015,1,"FE","Bund","Andere Bund",428283.12
2015,1,"FE","Bund","BFE",612408.72
2015,1,"FE","Bund","EU",141353.00
2015,1,"FE","Bund","KTI",1386403.47
2015,1,"FE","Bund","SBFI",11496.26
2015,1,"FE","Bund","SNF",278893.35
2015,1,"FE","CSEM","KTI",437541.90
2015,1,"FE","EMPA","Andere Bund",140350.00
2015,1,"FE","EMPA","BFE",252448.00
2015,1,"FE","EMPA","ETH-Rat",18538314.49
2015,1,"FE","EMPA","EU",94818.86
2015,1,"FE","EMPA","KTI",1710866.60
2015,1,"FE","EMPA","SNF",68491.77
2015,1,"FE","EPFL","Andere Bund",200000.00
2015,1,"FE","EPFL","BFE",400142.70
2015,1,"FE","EPFL","ETH-Rat",3751626.99
2015,1,"FE","EPFL","KTI",3314907.71
2015,1,"FE","EPFL","SNF",1845297.33
2015,1,"FE","ETHZ","Andere Bund",40000.00
2015,1,"FE","ETHZ","BFE",1438203.00
2015,1,"FE","ETHZ","ETH-Rat",14043187.96
2015,1,"FE","ETHZ","EU",487741.37
2015,1,"FE","ETHZ","KTI",5381295.68
2015,1,"FE","ETHZ","SBFI",425182.50
2015,1,"FE","ETHZ","SNF",2981380.83
2015,1,"FE","FHNW","Andere Bund",17652.00
2015,1,"FE","FHNW","BFE",637258.00
2015,1,"FE","FHNW","KTI",702319.93
2015,1,"FE","FHNW","Kantone",1901431.48
2015,1,"FE","FHNW","SNF",227249.16
2015,1,"FE","FHO","BFE",300000.00
2015,1,"FE","FHO","EU",172976.00
2015,1,"FE","FHO","KTI",3142581.62
2015,1,"FE","FHO","Kantone",1491980.91
2015,1,"FE","FHZ","Andere Bund",48756.25
2015,1,"FE","FHZ","BFE",348284.00
2015,1,"FE","FHZ","KTI",1744358.04
2015,1,"FE","FHZ","Kantone",2241591.55
2015,1,"FE","FHZ","SNF",180429.04
2015,1,"FE","HES-SO","Andere Bund",104884.00
2015,1,"FE","HES-SO","BFE",149316.00
2015,1,"FE","HES-SO","KTI",915511.04
2015,1,"FE","HES-SO","Kantone",5781995.54
2015,1,"FE","HES-SO","SBFI",493808.50
2015,1,"FE","HES-SO","SNF",345674.00
2015,1,"FE","PSI","BFE",558562.00
2015,1,"FE","PSI","ETH-Rat",20994662.74
2015,1,"FE","PSI","EU",813344.00
2015,1,"FE","PSI","KTI",1178101.03
2015,1,"FE","PSI","SNF",729159.41
2015,1,"FE","Privat","Andere Bund",690848.55
2015,1,"FE","Privat","BFE",3247097.10
2015,1,"FE","Privat","EU",414447.49
2015,1,"FE","Privat","KTI",165570.00
2015,1,"FE","Privat","SBFI",518042.00
2015,1,"FE","Privat","SNF",129891.79
2015,1,"FE","SUPSI","ETH-Rat",659.09
2015,1,"FE","SUPSI","KTI",381432.40
2015,1,"FE","SUPSI","Kantone",147203.76
2015,1,"FE","SUPSI","SNF",63909.93
2015,1,"FE","USI","KTI",237613.12
2015,1,"FE","USI","Kantone",250176.75
2015,1,"FE","UniBE","KTI",220869.00
2015,1,"FE","UniBE","Kantone",248477.56
2015,1,"FE","UniBS","Andere Bund",140000.00
2015,1,"FE","UniBS","Kantone",299196.94
2015,1,"FE","UniFR","KTI",169185.65
2015,1,"FE","UniFR","Kantone",564899.60
2015,1,"FE","UniFR","SNF",369514.17
2015,1,"FE","UniGE","BFE",90319.00
2015,1,"FE","UniGE","KTI",417650.33
2015,1,"FE","UniGE","Kantone",837414.99
2015,1,"FE","UniZH","BFE",44228.00
2015,1,"FE","UniZH","Kantone",108640.86
2015,1,"FE","ZFH","BFE",46000.00
2015,1,"FE","ZFH","KTI",2065630.20
2015,1,"FE","ZFH","Kantone",3432494.52
2015,1,"FE","ZFH","SNF",398301.15
2015,1,"PD","Bund","BFE",933794.69
2015,1,"PD","EMPA","BFE",1800000.00
2015,1,"PD","EMPA","ETH-Rat",74520.00
2015,1,"PD","EMPA","Kantone",3600000.00
2015,1,"PD","EPFL","BFE",420000.00
2015,1,"PD","EPFL","ETH-Rat",1861660.97
2015,1,"PD","EPFL","Kantone",741000.00
2015,1,"PD","ETHZ","BFE",37205.00
2015,1,"PD","ETHZ","ETH-Rat",5326987.11
2015,1,"PD","FHO","BFE",174000.00
2015,1,"PD","FHO","Kantone",16326.43
2015,1,"PD","FHZ","BFE",141120.00
2015,1,"PD","FHZ","Kantone",80457.20
2015,1,"PD","HES-SO","Kantone",204700.00
2015,1,"PD","Kanton","BFE",1115000.00
2015,1,"PD","Kanton","Kantone",7253075.00
2015,1,"PD","PSI","ETH-Rat",525800.00
2015,1,"PD","Privat","BFE",8660352.00
2015,1,"PD","Privat","EU",244428.00
2015,2,"FE","Ausland","BFE",185719.95
2015,2,"FE","BFH","BFE",56080.00
2015,2,"FE","BFH","KTI",371065.00
2015,2,"FE","BFH","Kantone",578005.74
2015,2,"FE","BFH","SNF",160227.39
2015,2,"FE","Bund","Andere Bund",130373.37
2015,2,"FE","Bund","BFE",633499.39
2015,2,"FE","Bund","EU",365913.00
2015,2,"FE","Bund","KTI",816840.68
2015,2,"FE","Bund","SBFI",64475.71
2015,2,"FE","Bund","SNF",344454.29
2015,2,"FE","CSEM","EU",242430.56
2015,2,"FE","CSEM","KTI",1746847.90
2015,2,"FE","CSEM","SBFI",4750000.00
2015,2,"FE","CSEM","SNF",100469.19
2015,2,"FE","EAWAG","ETH-Rat",226988.35
2015,2,"FE","EAWAG","KTI",138000.00
2015,2,"FE","EMPA","BFE",58700.00
2015,2,"FE","EMPA","ETH-Rat",14778316.65
2015,2,"FE","EMPA","EU",973489.00
2015,2,"FE","EMPA","KTI",188731.77
2015,2,"FE","EMPA","Kantone",116000.00
2015,2,"FE","EMPA","SBFI",950670.50
2015,2,"FE","EMPA","SNF",1438720.22
2015,2,"FE","EPFL","BFE",1455688.71
2015,2,"FE","EPFL","ETH-Rat",5490413.95
2015,2,"FE","EPFL","EU",1730130.95
2015,2,"FE","EPFL","KTI",2649030.80
2015,2,"FE","EPFL","Kantone",14958.63
2015,2,"FE","EPFL","SNF",3301426.84
2015,2,"FE","ETHZ","BFE",1079200.00
2015,2,"FE","ETHZ","ETH-Rat",8233984.73
2015,2,"FE","ETHZ","EU",295315.07
2015,2,"FE","ETHZ","KTI",2303435.56
2015,2,"FE","ETHZ","SNF",1607124.18
2015,2,"FE","FHNW","BFE",220810.00
2015,2,"FE","FHNW","KTI",403353.00
2015,2,"FE","FHNW","Kantone",398167.26
2015,2,"FE","FHO","BFE",1310846.00
2015,2,"FE","FHO","EU",487646.00
2015,2,"FE","FHO","KTI",1176447.29
2015,2,"FE","FHO","Kantone",1236363.80
2015,2,"FE","FHO","SNF",711748.42
2015,2,"FE","FHZ","BFE",139281.00
2015,2,"FE","FHZ","KTI",164410.00
2015,2,"FE","FHZ","Kantone",277476.07
2015,2,"FE","FHZ","SNF",122629.35
2015,2,"FE","HES-SO","BFE",253685.00
2015,2,"FE","HES-SO","ETH-Rat",281092.78
2015,2,"FE","HES-SO","EU",313613.00
2015,2,"FE","HES-SO","KTI",803785.00
2015,2,"FE","HES-SO","Kantone",4810782.92
2015,2,"FE","HES-SO","SNF",198912.50
2015,2,"FE","PSI","BFE",277500.00
2015,2,"FE","PSI","ETH-Rat",6978956.16
2015,2,"FE","PSI","EU",270188.00
2015,2,"FE","PSI","KTI",1508419.93
2015,2,"FE","PSI","SNF",93388.68
2015,2,"FE","Privat","BFE",2547256.95
2015,2,"FE","Privat","EU",844897.25
2015,2,"FE","Privat","SBFI",2281274.00
2015,2,"FE","Privat","SNF",69457.55
2015,2,"FE","SUPSI","BFE",159829.00
2015,2,"FE","SUPSI","EU",395284.00
2015,2,"FE","SUPSI","KTI",277145.72
2015,2,"FE","SUPSI","Kantone",489756.41
2015,2,"FE","SUPSI","SBFI",77519.50
2015,2,"FE","USI","KTI",115000.00
2015,2,"FE","USI","Kantone",120694.54
2015,2,"FE","UniBE","KTI",172500.00
2015,2,"FE","UniBE","Kantone",945871.12
2015,2,"FE","UniBE","SNF",332300.19
2015,2,"FE","UniBS","BFE",120000.00
2015,2,"FE","UniBS","Kantone",282614.38
2015,2,"FE","UniBS","SNF",12240.70
2015,2,"FE","UniFR","BFE",50000.00
2015,2,"FE","UniFR","Kantone",43311.64
2015,2,"FE","UniGE","KTI",230000.00
2015,2,"FE","UniGE","Kantone",378208.00
2015,2,"FE","UniLS","KTI",107182.30
2015,2,"FE","UniLS","Kantone",264995.00
2015,2,"FE","UniNE","BFE",64920.31
2015,2,"FE","UniNE","KTI",324780.00
2015,2,"FE","UniNE","Kantone",716641.07
2015,2,"FE","UniZH","Kantone",886278.41
2015,2,"FE","UniZH","SNF",360806.42
2015,2,"FE","WSL","ETH-Rat",434111.65
2015,2,"FE","WSL","KTI",373377.90
2015,2,"FE","WSL","SNF",280510.80
2015,2,"FE","ZFH","BFE",397320.00
2015,2,"FE","ZFH","KTI",560499.20
2015,2,"FE","ZFH","Kantone",2260037.85
2015,2,"FE","ZFH","SNF",274624.03
2015,2,"PD","Bund","BFE",306290.63
2015,2,"PD","EMPA","BFE",309538.00
2015,2,"PD","EMPA","ETH-Rat",1361974.66
2015,2,"PD","EPFL","ETH-Rat",2373000.00
2015,2,"PD","ETHZ","BFE",190117.00
2015,2,"PD","ETHZ","ETH-Rat",200694.57
2015,2,"PD","ETHZ","EU",82316.12
2015,2,"PD","FHNW","BFE",45150.00
2015,2,"PD","FHNW","Kantone",17697.71
2015,2,"PD","FHZ","Kantone",50000.00
2015,2,"PD","HES-SO","BFE",38120.00
2015,2,"PD","HES-SO","Kantone",233012.03
2015,2,"PD","PSI","BFE",55000.00
2015,2,"PD","PSI","ETH-Rat",1895300.00
2015,2,"PD","Privat","BFE",3339192.00
2015,2,"PD","Privat","EU",58875.09
2015,2,"PD","SUPSI","BFE",30000.00
2015,2,"PD","SUPSI","Kantone",7823.18
2015,2,"PD","UniGE","BFE",29000.00
2015,2,"PD","UniGE","Kantone",49324.27
2015,2,"PD","ZFH","BFE",14000.00
2015,2,"PD","ZFH","Kantone",19756.04
2015,3,"FE","Ausland","ENSI",622503.00
2015,3,"FE","Bund","BFE",19661.54
2015,3,"FE","Bund","SBFI",25624.14
2015,3,"FE","Bund","SNF",74086.46
2015,3,"FE","EMPA","ETH-Rat",93474.66
2015,3,"FE","EMPA","SBFI",59538.00
2015,3,"FE","EPFL","ETH-Rat",13852754.25
2015,3,"FE","EPFL","EU",6994518.00
2015,3,"FE","EPFL","SBFI",1292003.50
2015,3,"FE","EPFL","SNF",1949643.67
2015,3,"FE","ETHZ","ENSI",63200.00
2015,3,"FE","ETHZ","ETH-Rat",702128.04
2015,3,"FE","ETHZ","SBFI",182117.00
2015,3,"FE","PSI","ENSI",1456020.00
2015,3,"FE","PSI","ETH-Rat",18031515.50
2015,3,"FE","PSI","EU",1919436.00
2015,3,"FE","PSI","SBFI",440681.50
2015,3,"FE","Privat","EU",624398.84
2015,3,"FE","Privat","SBFI",1073979.50
2015,3,"FE","UniBE","BFE",59986.80
2015,3,"FE","UniBE","Kantone",336622.22
2015,3,"FE","UniBE","SBFI",154697.50
2015,3,"FE","UniBS","BFE",200000.00
2015,3,"FE","UniBS","Kantone",427424.20
2015,3,"PD","EPFL","ETH-Rat",267000.00
2015,3,"PD","Privat","EU",231873.24
2015,4,"FE","Ausland","BFE",209820.00
2015,4,"FE","Bund","Andere Bund",17877.02
2015,4,"FE","Bund","BFE",144345.03
2015,4,"FE","Bund","KTI",258757.03
2015,4,"FE","Bund","SBFI",5023.83
2015,4,"FE","Bund","SNF",138652.31
2015,4,"FE","EPFL","ETH-Rat",202814.40
2015,4,"FE","EPFL","KTI",168343.15
2015,4,"FE","ETHZ","BFE",168500.00
2015,4,"FE","ETHZ","ETH-Rat",3532248.16
2015,4,"FE","ETHZ","EU",105398.00
2015,4,"FE","ETHZ","KTI",1102745.30
2015,4,"FE","ETHZ","SNF",1209236.29
2015,4,"FE","FHZ","BFE",25930.00
2015,4,"FE","FHZ","Kantone",244776.77
2015,4,"FE","FHZ","SNF",119846.56
2015,4,"FE","HES-SO","BFE",70000.00
2015,4,"FE","HES-SO","Kantone",493760.40
2015,4,"FE","PSI","BFE",362619.56
2015,4,"FE","PSI","ETH-Rat",1357165.56
2015,4,"FE","PSI","EU",61146.00
2015,4,"FE","Privat","Andere Bund",220703.97
2015,4,"FE","Privat","BFE",761821.70
2015,4,"FE","Privat","SBFI",85148.00
2015,4,"FE","Privat","SNF",273467.34
2015,4,"FE","SUPSI","Kantone",150740.24
2015,4,"FE","SUPSI","SNF",91936.64
2015,4,"FE","UniBE","Kantone",579273.87
2015,4,"FE","UniBE","SNF",307136.01
2015,4,"FE","UniBS","BFE",85000.00
2015,4,"FE","UniBS","KTI",484715.22
2015,4,"FE","UniBS","Kantone",1485414.47
2015,4,"FE","UniBS","SNF",263242.43
2015,4,"FE","UniGE","BFE",85000.00
2015,4,"FE","UniGE","KTI",337250.61
2015,4,"FE","UniGE","Kantone",1750301.40
2015,4,"FE","UniGE","SNF",584135.19
2015,4,"FE","UniLS","Kantone",941162.35
2015,4,"FE","UniLS","SNF",227137.98
2015,4,"FE","UniLU","KTI",262040.00
2015,4,"FE","UniLU","Kantone",609328.65
2015,4,"FE","UniLU","SNF",66039.14
2015,4,"FE","UniNE","KTI",330120.00
2015,4,"FE","UniNE","Kantone",648912.60
2015,4,"FE","UniSG","BFE",90000.00
2015,4,"FE","UniSG","EU",91140.00
2015,4,"FE","UniSG","KTI",873572.83
2015,4,"FE","UniSG","Kantone",2377070.07
2015,4,"FE","UniSG","SBFI",452158.50
2015,4,"FE","UniSG","SNF",118010.46
2015,4,"FE","UniZH","BFE",20000.00
2015,4,"FE","UniZH","Kantone",700497.72
2015,4,"FE","UniZH","SBFI",90672.00
2015,4,"FE","UniZH","SNF",121739.94
2015,4,"FE","WSL","ETH-Rat",121595.52
2015,4,"FE","WSL","SNF",136624.18
2015,4,"FE","ZFH","BFE",30000.00
2015,4,"FE","ZFH","KTI",753830.00
2015,4,"FE","ZFH","Kantone",3111261.49
2015,4,"FE","ZFH","SNF",130192.76
2015,4,"PD","ETHZ","ETH-Rat",155000.00
2015,4,"PD","PSI","ETH-Rat",262900.00
2016,1,"FE","Ausland","BFE",85684.70
2016,1,"FE","BFH","Andere Bund",330805.00
2016,1,"FE","BFH","BFE",284762.00
2016,1,"FE","BFH","KTI",1500705.05
2016,1,"FE","BFH","Kantone",2325475.21
2016,1,"FE","Bund","Andere Bund",1144291.20
2016,1,"FE","Bund","BFE",547651.36
2016,1,"FE","Bund","EU",492772.53
2016,1,"FE","Bund","KTI",1562964.85
2016,1,"FE","Bund","SBFI",726606.37
2016,1,"FE","Bund","SNF",537230.89
2016,1,"FE","CSEM","KTI",1792886.40
2016,1,"FE","CSEM","SBFI",814188.50
2016,1,"FE","EMPA","BFE",432038.00
2016,1,"FE","EMPA","ETH-Rat",20134866.67
2016,1,"FE","EMPA","KTI",1945663.57
2016,1,"FE","EMPA","Kantone",258141.72
2016,1,"FE","EMPA","SNF",1079877.92
2016,1,"FE","EPFL","BFE",661737.25
2016,1,"FE","EPFL","ETH-Rat",8430439.62
2016,1,"FE","EPFL","EU",374303.95
2016,1,"FE","EPFL","KTI",3087681.85
2016,1,"FE","EPFL","SBFI",626532.00
2016,1,"FE","EPFL","SNF",3987662.69
2016,1,"FE","ETHZ","BFE",1267788.00
2016,1,"FE","ETHZ","ETH-Rat",16729452.17
2016,1,"FE","ETHZ","EU",728571.88
2016,1,"FE","ETHZ","KTI",5175811.70
2016,1,"FE","ETHZ","Kantone",270.00
2016,1,"FE","ETHZ","SBFI",582915.00
2016,1,"FE","ETHZ","SNF",3630620.57
2016,1,"FE","FHNW","BFE",220282.00
2016,1,"FE","FHNW","KTI",680194.85
2016,1,"FE","FHNW","Kantone",1677550.59
2016,1,"FE","FHNW","SNF",198019.94
2016,1,"FE","FHO","BFE",55732.00
2016,1,"FE","FHO","EU",173450.17
2016,1,"FE","FHO","KTI",2526501.27
2016,1,"FE","FHO","Kantone",1376559.63
2016,1,"FE","FHO","SBFI",349382.50
2016,1,"FE","FHZ","BFE",445658.00
2016,1,"FE","FHZ","KTI",2033566.42
2016,1,"FE","FHZ","Kantone",2818408.88
2016,1,"FE","FHZ","SNF",179148.32
2016,1,"FE","Gemeinde","BFE",11000.00
2016,1,"FE","HES-SO","Andere Bund",29420.65
2016,1,"FE","HES-SO","BFE",348950.00
2016,1,"FE","HES-SO","KTI",826040.00
2016,1,"FE","HES-SO","Kantone",3837554.04
2016,1,"FE","HES-SO","SNF",537022.32
2016,1,"FE","Kanton","BFE",35000.00
2016,1,"FE","PSI","BFE",418585.00
2016,1,"FE","PSI","ETH-Rat",14433324.85
2016,1,"FE","PSI","EU",147209.27
2016,1,"FE","PSI","KTI",1470453.06
2016,1,"FE","PSI","SNF",1365453.21
2016,1,"FE","Privat","Andere Bund",689272.10
2016,1,"FE","Privat","BFE",3433283.67
2016,1,"FE","Privat","EU",289438.48
2016,1,"FE","Privat","KTI",378068.40
2016,1,"FE","Privat","SBFI",1622450.50
2016,1,"FE","Privat","SNF",130085.09
2016,1,"FE","SUPSI","BFE",90000.00
2016,1,"FE","SUPSI","KTI",364354.59
2016,1,"FE","SUPSI","Kantone",142089.49
2016,1,"FE","SUPSI","SNF",86381.64
2016,1,"FE","USI","KTI",291700.15
2016,1,"FE","USI","Kantone",286545.27
2016,1,"FE","UniBE","KTI",233450.00
2016,1,"FE","UniBE","Kantone",323615.76
2016,1,"FE","UniBS","EU",287000.00
2016,1,"FE","UniBS","KTI",133497.00
2016,1,"FE","UniBS","Kantone",658907.18
2016,1,"FE","UniBS","SNF",184815.65
2016,1,"FE","UniFR","KTI",182324.45
2016,1,"FE","UniFR","Kantone",1051616.87
2016,1,"FE","UniFR","SNF",757357.74
2016,1,"FE","UniGE","BFE",90000.00
2016,1,"FE","UniGE","KTI",432812.51
2016,1,"FE","UniGE","Kantone",1529358.03
2016,1,"FE","UniGE","SNF",401038.58
2016,1,"FE","UniZH","BFE",50000.00
2016,1,"FE","UniZH","Kantone",288937.94
2016,1,"FE","UniZH","SNF",75081.36
2016,1,"FE","ZFH","BFE",323000.00
2016,1,"FE","ZFH","KTI",1753254.59
2016,1,"FE","ZFH","Kantone",3145063.81
2016,1,"FE","ZFH","SBFI",360559.50
2016,1,"FE","ZFH","SNF",490627.40
2016,1,"PD","BFH","BFE",493632.00
2016,1,"PD","BFH","Kantone",302983.50
2016,1,"PD","Bund","BFE",731347.25
2016,1,"PD","Bund","SBFI",15437.77
2016,1,"PD","Bund","SNF",3464.03
2016,1,"PD","CSEM","BFE",74520.00
2016,1,"PD","EMPA","BFE",100000.00
2016,1,"PD","EMPA","ETH-Rat",492201.16
2016,1,"PD","EMPA","Kantone",200000.00
2016,1,"PD","EPFL","BFE",900747.00
2016,1,"PD","EPFL","ETH-Rat",2182000.17
2016,1,"PD","ETHZ","ETH-Rat",2794771.44
2016,1,"PD","ETHZ","EU",98599.25
2016,1,"PD","ETHZ","SNF",84488.60
2016,1,"PD","FHNW","Kantone",18573.54
2016,1,"PD","FHO","Kantone",1415.98
2016,1,"PD","FHZ","Kantone",17752.65
2016,1,"PD","Gemeinde","BFE",133370.00
2016,1,"PD","Gemeinde","SBFI",90618.00
2016,1,"PD","HES-SO","BFE",100000.00
2016,1,"PD","HES-SO","Kantone",2344253.68
2016,1,"PD","HES-SO","SBFI",1067135.50
2016,1,"PD","Kanton","BFE",1000000.00
2016,1,"PD","Kanton","Kantone",6500407.63
2016,1,"PD","PSI","ETH-Rat",1653400.00
2016,1,"PD","Privat","BFE",8219661.00
2016,1,"PD","Privat","EU",20759.61
2016,1,"PD","Privat","Kantone",77481.71
2016,1,"PD","Privat","SBFI",541375.00
2016,1,"PD","SUPSI","Kantone",4017.86
2016,1,"PD","UniSG","Kantone",0.00
2016,1,"PD","UniSG","SBFI",230592.50
2016,1,"PD","ZFH","Kantone",35758.02
2016,2,"FE","Ausland","BFE",214828.29
2016,2,"FE","BFH","BFE",25000.00
2016,2,"FE","BFH","KTI",223355.00
2016,2,"FE","BFH","Kantone",500920.76
2016,2,"FE","BFH","SNF",174598.49
2016,2,"FE","Bund","Andere Bund",135272.21
2016,2,"FE","Bund","BFE",455629.60
2016,2,"FE","Bund","EU",508633.30
2016,2,"FE","Bund","KTI",856657.45
2016,2,"FE","Bund","SBFI",93888.09
2016,2,"FE","Bund","SNF",528080.88
2016,2,"FE","CSEM","EU",202578.97
2016,2,"FE","CSEM","KTI",1568956.30
2016,2,"FE","CSEM","SBFI",6293821.50
2016,2,"FE","CSEM","SNF",97187.64
2016,2,"FE","EAWAG","ETH-Rat",197319.05
2016,2,"FE","EAWAG","KTI",138000.00
2016,2,"FE","EMPA","BFE",174000.00
2016,2,"FE","EMPA","ETH-Rat",12992163.73
2016,2,"FE","EMPA","EU",236496.60
2016,2,"FE","EMPA","KTI",469929.00
2016,2,"FE","EMPA","Kantone",188000.00
2016,2,"FE","EMPA","SBFI",15000.00
2016,2,"FE","EMPA","SNF",1216593.34
2016,2,"FE","EPFL","BFE",1335014.00
2016,2,"FE","EPFL","ETH-Rat",11602617.62
2016,2,"FE","EPFL","EU",1196601.04
2016,2,"FE","EPFL","KTI",2895286.19
2016,2,"FE","EPFL","SBFI",1097432.50
2016,2,"FE","EPFL","SNF",4385907.49
2016,2,"FE","ETHZ","BFE",1055550.00
2016,2,"FE","ETHZ","ETH-Rat",13760042.57
2016,2,"FE","ETHZ","EU",454966.38
2016,2,"FE","ETHZ","KTI",2314412.66
2016,2,"FE","ETHZ","Kantone",8320.62
2016,2,"FE","ETHZ","SBFI",1348845.50
2016,2,"FE","ETHZ","SNF",2468805.45
2016,2,"FE","FHNW","BFE",248127.00
2016,2,"FE","FHNW","KTI",705140.95
2016,2,"FE","FHNW","Kantone",609854.36
2016,2,"FE","FHNW","SNF",92901.41
2016,2,"FE","FHO","BFE",913000.00
2016,2,"FE","FHO","EU",113081.98
2016,2,"FE","FHO","KTI",540514.07
2016,2,"FE","FHO","Kantone",806701.96
2016,2,"FE","FHO","SNF",519347.52
2016,2,"FE","FHZ","BFE",191942.00
2016,2,"FE","FHZ","KTI",526168.00
2016,2,"FE","FHZ","Kantone",604790.06
2016,2,"FE","FHZ","SBFI",0.00
2016,2,"FE","FHZ","SNF",116574.37
2016,2,"FE","Gemeinde","BFE",55000.00
2016,2,"FE","Gemeinde","SBFI",39184.50
2016,2,"FE","HES-SO","Andere Bund",92592.00
2016,2,"FE","HES-SO","BFE",233480.00
2016,2,"FE","HES-SO","ETH-Rat",106006.00
2016,2,"FE","HES-SO","EU",48092.11
2016,2,"FE","HES-SO","KTI",745410.00
2016,2,"FE","HES-SO","Kantone",3107828.30
2016,2,"FE","HES-SO","SBFI",138974.50
2016,2,"FE","HES-SO","SNF",206180.59
2016,2,"FE","Kanton","BFE",10000.00
2016,2,"FE","Kanton","SBFI",184820.50
2016,2,"FE","PSI","BFE",219308.00
2016,2,"FE","PSI","ETH-Rat",6034560.04
2016,2,"FE","PSI","EU",408655.66
2016,2,"FE","PSI","KTI",1613891.36
2016,2,"FE","PSI","SNF",178702.31
2016,2,"FE","Privat","BFE",1677418.36
2016,2,"FE","Privat","EU",651764.50
2016,2,"FE","Privat","SBFI",2617932.70
2016,2,"FE","Privat","SNF",66274.84
2016,2,"FE","SUPSI","BFE",93000.00
2016,2,"FE","SUPSI","EU",217663.65
2016,2,"FE","SUPSI","KTI",429661.66
2016,2,"FE","SUPSI","Kantone",576360.47
2016,2,"FE","SUPSI","SBFI",0.00
2016,2,"FE","USI","KTI",114785.00
2016,2,"FE","USI","Kantone",114656.23
2016,2,"FE","UniBE","KTI",172500.00
2016,2,"FE","UniBE","Kantone",1254022.81
2016,2,"FE","UniBE","SNF",645897.20
2016,2,"FE","UniBS","BFE",110000.00
2016,2,"FE","UniBS","Kantone",1043140.16
2016,2,"FE","UniBS","SNF",393932.44
2016,2,"FE","UniFR","Kantone",308761.52
2016,2,"FE","UniFR","SNF",305704.47
2016,2,"FE","UniGE","KTI",230000.00
2016,2,"FE","UniGE","Kantone",544256.01
2016,2,"FE","UniGE","SNF",163262.40
2016,2,"FE","UniLS","KTI",110380.00
2016,2,"FE","UniLS","Kantone",1126767.49
2016,2,"FE","UniLS","SNF",385627.77
2016,2,"FE","UniNE","KTI",218529.00
2016,2,"FE","UniNE","Kantone",586577.00
2016,2,"FE","UniNE","SNF",29594.78
2016,2,"FE","UniZH","Kantone",2015666.33
2016,2,"FE","UniZH","SNF",872582.83
2016,2,"FE","WSL","ETH-Rat",498653.13
2016,2,"FE","WSL","KTI",379926.00
2016,2,"FE","WSL","SNF",298591.18
2016,2,"FE","ZFH","BFE",310998.80
2016,2,"FE","ZFH","KTI",200892.10
2016,2,"FE","ZFH","Kantone",1431783.59
2016,2,"FE","ZFH","SNF",261755.02
2016,2,"PD","BFH","BFE",66000.00
2016,2,"PD","BFH","Kantone",107170.16
2016,2,"PD","Bund","BFE",431068.51
2016,2,"PD","Bund","SBFI",60545.18
2016,2,"PD","EMPA","BFE",1461603.00
2016,2,"PD","EMPA","ETH-Rat",1074516.96
2016,2,"PD","EMPA","SBFI",53615.00
2016,2,"PD","EPFL","ETH-Rat",1806276.04
2016,2,"PD","EPFL","SBFI",102085.50
2016,2,"PD","ETHZ","ETH-Rat",1832605.27
2016,2,"PD","ETHZ","EU",82541.64
2016,2,"PD","ETHZ","SBFI",1055722.50
2016,2,"PD","FHNW","BFE",282590.00
2016,2,"PD","FHNW","Kantone",1560.91
2016,2,"PD","FHO","BFE",95921.00
2016,2,"PD","FHO","Kantone",178993.11
2016,2,"PD","FHO","SBFI",651825.00
2016,2,"PD","FHZ","BFE",51280.00
2016,2,"PD","FHZ","Kantone",105912.00
2016,2,"PD","Gemeinde","SBFI",1348926.50
2016,2,"PD","HES-SO","BFE",45000.00
2016,2,"PD","HES-SO","Kantone",123843.83
2016,2,"PD","Kanton","Kantone",198933.30
2016,2,"PD","PSI","ETH-Rat",5786900.00
2016,2,"PD","Privat","BFE",4474119.00
2016,2,"PD","Privat","Kantone",382769.34
2016,2,"PD","Privat","SBFI",4355972.80
2016,2,"PD","SUPSI","BFE",15000.00
2016,2,"PD","SUPSI","Kantone",2250.00
2016,2,"PD","UniLS","Kantone",4832.62
2016,2,"PD","ZFH","BFE",5000.00
2016,2,"PD","ZFH","Kantone",12672.13
2016,3,"FE","Ausland","ENSI",610698.00
2016,3,"FE","Bund","BFE",17323.41
2016,3,"FE","Bund","EU",764.32
2016,3,"FE","Bund","SBFI",11413.02
2016,3,"FE","Bund","SNF",52691.50
2016,3,"FE","EMPA","ETH-Rat",0.00
2016,3,"FE","EMPA","SBFI",0.00
2016,3,"FE","EPFL","ETH-Rat",13977433.00
2016,3,"FE","EPFL","EU",7934953.00
2016,3,"FE","EPFL","SBFI",1346628.00
2016,3,"FE","EPFL","SNF",1220654.00
2016,3,"FE","ETHZ","ENSI",64972.00
2016,3,"FE","ETHZ","ETH-Rat",222272.24
2016,3,"FE","ETHZ","EU",17184.67
2016,3,"FE","ETHZ","SBFI",0.00
2016,3,"FE","Kanton","EU",17697.25
2016,3,"FE","PSI","ENSI",1246354.00
2016,3,"FE","PSI","ETH-Rat",22431673.69
2016,3,"FE","PSI","EU",740415.15
2016,3,"FE","PSI","SBFI",0.00
2016,3,"FE","PSI","SNF",64504.54
2016,3,"FE","Privat","EU",170093.15
2016,3,"FE","Privat","SBFI",0.00
2016,3,"FE","UniBE","BFE",61076.30
2016,3,"FE","UniBE","Kantone",104626.98
2016,3,"FE","UniBE","SBFI",0.00
2016,3,"FE","UniBS","BFE",200000.00
2016,3,"FE","UniBS","Kantone",579600.00
2016,3,"FE","UniBS","SBFI",80000.00
2016,3,"PD","EPFL","ETH-Rat",132000.00
2016,3,"PD","Privat","EU",27700.28
2016,4,"FE","Ausland","BFE",24255.00
2016,4,"FE","Bund","Andere Bund",3076.16
2016,4,"FE","Bund","BFE",103414.90
2016,4,"FE","Bund","KTI",267192.19
2016,4,"FE","Bund","SBFI",6646.80
2016,4,"FE","Bund","SNF",201735.94
2016,4,"FE","EAWAG","ETH-Rat",95000.00
2016,4,"FE","EPFL","ETH-Rat",167353.83
2016,4,"FE","EPFL","KTI",164538.32
2016,4,"FE","ETHZ","BFE",222087.00
2016,4,"FE","ETHZ","ETH-Rat",4749778.21
2016,4,"FE","ETHZ","EU",107354.69
2016,4,"FE","ETHZ","KTI",952319.68
2016,4,"FE","ETHZ","SBFI",264227.00
2016,4,"FE","ETHZ","SNF",1758107.16
2016,4,"FE","FHZ","Kantone",143812.84
2016,4,"FE","FHZ","SNF",92782.47
2016,4,"FE","HES-SO","BFE",30000.00
2016,4,"FE","HES-SO","Kantone",1210191.87
2016,4,"FE","HES-SO","SBFI",161474.40
2016,4,"FE","HES-SO","SNF",61971.94
2016,4,"FE","PSI","BFE",329954.00
2016,4,"FE","PSI","ETH-Rat",1035285.06
2016,4,"FE","PSI","EU",61313.06
2016,4,"FE","PSI","KTI",57118.00
2016,4,"FE","Privat","Andere Bund",80951.50
2016,4,"FE","Privat","BFE",370750.00
2016,4,"FE","Privat","EU",16543.18
2016,4,"FE","Privat","SBFI",51088.80
2016,4,"FE","Privat","SNF",266139.38
2016,4,"FE","SUPSI","BFE",60000.00
2016,4,"FE","SUPSI","Kantone",103518.24
2016,4,"FE","SUPSI","SNF",172942.75
2016,4,"FE","USI","Kantone",81865.23
2016,4,"FE","USI","SNF",46780.13
2016,4,"FE","UniBE","Kantone",625253.45
2016,4,"FE","UniBE","SNF",299164.33
2016,4,"FE","UniBS","BFE",125000.00
2016,4,"FE","UniBS","KTI",503030.00
2016,4,"FE","UniBS","Kantone",1888238.90
2016,4,"FE","UniBS","SNF",230436.58
2016,4,"FE","UniFR","Kantone",107734.37
2016,4,"FE","UniFR","SNF",30009.57
2016,4,"FE","UniGE","BFE",53213.00
2016,4,"FE","UniGE","KTI",331970.00
2016,4,"FE","UniGE","Kantone",1834817.94
2016,4,"FE","UniGE","SNF",655780.17
2016,4,"FE","UniLS","Kantone",2948755.75
2016,4,"FE","UniLS","SBFI",299656.50
2016,4,"FE","UniLS","SNF",275149.69
2016,4,"FE","UniLU","KTI",252030.00
2016,4,"FE","UniLU","Kantone",516678.33
2016,4,"FE","UniLU","SNF",65867.86
2016,4,"FE","UniNE","KTI",330558.13
2016,4,"FE","UniNE","Kantone",716320.30
2016,4,"FE","UniSG","BFE",169578.00
2016,4,"FE","UniSG","EU",60926.62
2016,4,"FE","UniSG","KTI",787081.81
2016,4,"FE","UniSG","Kantone",1942188.85
2016,4,"FE","UniSG","SNF",220778.25
2016,4,"FE","UniZH","BFE",20900.00
2016,4,"FE","UniZH","Kantone",1543686.99
2016,4,"FE","UniZH","SBFI",54403.20
2016,4,"FE","UniZH","SNF",455173.43
2016,4,"FE","WSL","ETH-Rat",219206.64
2016,4,"FE","WSL","SNF",139558.03
2016,4,"FE","ZFH","BFE",152800.00
2016,4,"FE","ZFH","KTI",862500.00
2016,4,"FE","ZFH","Kantone",4589889.82
2016,4,"FE","ZFH","SNF",149747.01
2016,4,"PD","Bund","BFE",21564.99
2016,4,"PD","Bund","SBFI",5831.77
2016,4,"PD","EPFL","ETH-Rat",200000.00
2016,4,"PD","ETHZ","ETH-Rat",0.00
2016,4,"PD","HES-SO","Kantone",24038.46
2016,4,"PD","PSI","ETH-Rat",826700.00
2016,4,"PD","Privat","BFE",325000.00
2016,4,"PD","Privat","Kantone",24038.46
2016,4,"PD","Privat","SBFI",263195.50
2016,4,"PD","SUPSI","Kantone",73902.59
2016,4,"PD","SUPSI","SBFI",194480.50
2016,4,"PD","UniSG","Kantone",255017.39
2016,4,"PD","UniSG","SBFI",271295.10
2017,1,"FE","Ausland","BFE",177935.11
2017,1,"FE","Ausland","EU",22911.39
2017,1,"FE","BFH","Andere Bund",187000.00
2017,1,"FE","BFH","BFE",476922.00
2017,1,"FE","BFH","KTI",2336444.20
2017,1,"FE","BFH","Kantone",3170403.80
2017,1,"FE","Bund","Andere Bund",482687.88
2017,1,"FE","Bund","BFE",598056.67
2017,1,"FE","Bund","EU",476669.13
2017,1,"FE","Bund","KTI",2012490.45
2017,1,"FE","Bund","SBFI",23516.22
2017,1,"FE","Bund","SNF",602259.83
2017,1,"FE","CSEM","EU",30221.46
2017,1,"FE","CSEM","KTI",409824.20
2017,1,"FE","EAWAG","ETH-Rat",193583.00
2017,1,"FE","EAWAG","KTI",95868.60
2017,1,"FE","EMPA","Andere Bund",398241.69
2017,1,"FE","EMPA","BFE",339156.00
2017,1,"FE","EMPA","ETH-Rat",20539612.22
2017,1,"FE","EMPA","EU",123496.75
2017,1,"FE","EMPA","KTI",2690783.51
2017,1,"FE","EMPA","SBFI",217718.00
2017,1,"FE","EMPA","SNF",1172846.72
2017,1,"FE","EPFL","BFE",917857.75
2017,1,"FE","EPFL","ETH-Rat",11347155.95
2017,1,"FE","EPFL","EU",1632558.73
2017,1,"FE","EPFL","KTI",3873191.65
2017,1,"FE","EPFL","SBFI",265763.80
2017,1,"FE","EPFL","SNF",4510942.56
2017,1,"FE","ETHZ","BFE",825895.00
2017,1,"FE","ETHZ","ETH-Rat",16124064.51
2017,1,"FE","ETHZ","EU",1158669.95
2017,1,"FE","ETHZ","KTI",5609696.00
2017,1,"FE","ETHZ","SNF",3850755.40
2017,1,"FE","FHNW","Andere Bund",91839.89
2017,1,"FE","FHNW","BFE",393260.00
2017,1,"FE","FHNW","KTI",1833287.55
2017,1,"FE","FHNW","Kantone",2511723.53
2017,1,"FE","FHNW","SNF",182639.52
2017,1,"FE","FHO","BFE",106416.60
2017,1,"FE","FHO","EU",115159.54
2017,1,"FE","FHO","KTI",3864549.23
2017,1,"FE","FHO","Kantone",1659135.18
2017,1,"FE","FHZ","BFE",724398.00
2017,1,"FE","FHZ","KTI",2407425.62
2017,1,"FE","FHZ","Kantone",3945369.02
2017,1,"FE","FHZ","SNF",214350.62
2017,1,"FE","Gemeinde","BFE",11000.00
2017,1,"FE","Gemeinde","EU",48156.92
2017,1,"FE","HES-SO","Andere Bund",10209.58
2017,1,"FE","HES-SO","BFE",504000.00
2017,1,"FE","HES-SO","EU",169155.33
2017,1,"FE","HES-SO","KTI",1338222.32
2017,1,"FE","HES-SO","Kantone",3780062.65
2017,1,"FE","HES-SO","SBFI",110593.20
2017,1,"FE","HES-SO","SNF",333539.55
2017,1,"FE","Kanton","BFE",65000.00
2017,1,"FE","PSI","BFE",340324.00
2017,1,"FE","PSI","ETH-Rat",17107224.16
2017,1,"FE","PSI","EU",10472.07
2017,1,"FE","PSI","KTI",1513233.08
2017,1,"FE","PSI","SNF",1684924.81
2017,1,"FE","Privat","Andere Bund",343065.94
2017,1,"FE","Privat","BFE",1985917.20
2017,1,"FE","Privat","EU",1463190.93
2017,1,"FE","Privat","KTI",393420.20
2017,1,"FE","Privat","SBFI",491381.80
2017,1,"FE","Privat","SNF",97257.35
2017,1,"FE","SUPSI","BFE",187000.00
2017,1,"FE","SUPSI","KTI",563682.50
2017,1,"FE","SUPSI","Kantone",402187.29
2017,1,"FE","SUPSI","SNF",86346.87
2017,1,"FE","USI","KTI",292560.00
2017,1,"FE","USI","Kantone",310695.44
2017,1,"FE","UniBE","KTI",564366.40
2017,1,"FE","UniBE","Kantone",574789.32
2017,1,"FE","UniBS","Andere Bund",104790.09
2017,1,"FE","UniBS","EU",90500.00
2017,1,"FE","UniBS","KTI",44499.00
2017,1,"FE","UniBS","Kantone",622234.39
2017,1,"FE","UniBS","SNF",138176.33
2017,1,"FE","UniFR","KTI",181700.00
2017,1,"FE","UniFR","Kantone",809250.55
2017,1,"FE","UniFR","SNF",438696.33
2017,1,"FE","UniGE","BFE",106599.00
2017,1,"FE","UniGE","KTI",607182.04
2017,1,"FE","UniGE","Kantone",2116981.05
2017,1,"FE","UniGE","SNF",488910.71
2017,1,"FE","UniNE","KTI",86888.40
2017,1,"FE","UniNE","Kantone",200834.63
2017,1,"FE","UniSG","KTI",60000.00
2017,1,"FE","UniSG","Kantone",6700.13
2017,1,"FE","UniZH","BFE",44000.00
2017,1,"FE","UniZH","Kantone",262038.71
2017,1,"FE","UniZH","SNF",75051.13
2017,1,"FE","ZFH","BFE",277000.00
2017,1,"FE","ZFH","EU",49237.27
2017,1,"FE","ZFH","KTI",2629282.39
2017,1,"FE","ZFH","Kantone",2665553.52
2017,1,"FE","ZFH","SNF",413285.59
2017,1,"PD","BFH","BFE",197218.00
2017,1,"PD","BFH","Kantone",82466.70
2017,1,"PD","Bund","BFE",859009.56
2017,1,"PD","Bund","SBFI",4999.85
2017,1,"PD","CSEM","BFE",90000.00
2017,1,"PD","CSEM","EU",53983.90
2017,1,"PD","EMPA","BFE",200000.00
2017,1,"PD","EMPA","ETH-Rat",1639857.39
2017,1,"PD","EMPA","Kantone",200000.00
2017,1,"PD","EPFL","BFE",147000.00
2017,1,"PD","EPFL","ETH-Rat",2470598.00
2017,1,"PD","EPFL","EU",15493.73
2017,1,"PD","ETHZ","BFE",44944.00
2017,1,"PD","ETHZ","ETH-Rat",163862.73
2017,1,"PD","ETHZ","EU",66753.35
2017,1,"PD","FHNW","Kantone",93154.20
2017,1,"PD","FHO","BFE",80000.00
2017,1,"PD","FHO","Kantone",5856.18
2017,1,"PD","FHZ","BFE",297210.00
2017,1,"PD","FHZ","Kantone",124243.73
2017,1,"PD","Gemeinde","BFE",73201.00
2017,1,"PD","HES-SO","BFE",160000.00
2017,1,"PD","HES-SO","Kantone",611530.18
2017,1,"PD","Kanton","BFE",917000.00
2017,1,"PD","Kanton","Kantone",6051986.41
2017,1,"PD","PSI","ETH-Rat",1323980.00
2017,1,"PD","Privat","BFE",8541061.00
2017,1,"PD","Privat","EU",77330.52
2017,1,"PD","Privat","Kantone",17810.41
2017,1,"PD","Privat","SBFI",416556.90
2017,1,"PD","SUPSI","EU",28845.42
2017,1,"PD","SUPSI","Kantone",95116.37
2017,1,"PD","UniSG","Kantone",0.00
2017,1,"PD","UniSG","SBFI",216335.70
2017,1,"PD","ZFH","Kantone",59837.89
2017,2,"FE","Ausland","BFE",307716.60
2017,2,"FE","BFH","Andere Bund",74317.45
2017,2,"FE","BFH","BFE",80000.00
2017,2,"FE","BFH","EU",204780.29
2017,2,"FE","BFH","KTI",210603.20
2017,2,"FE","BFH","Kantone",692213.07
2017,2,"FE","BFH","SNF",174528.20
2017,2,"FE","Bund","Andere Bund",384611.90
2017,2,"FE","Bund","BFE",600732.15
2017,2,"FE","Bund","EU",293270.27
2017,2,"FE","Bund","KTI",904744.81
2017,2,"FE","Bund","SBFI",191823.61
2017,2,"FE","Bund","SNF",685710.02
2017,2,"FE","CSEM","BFE",69000.00
2017,2,"FE","CSEM","KTI",1386214.80
2017,2,"FE","CSEM","SBFI",5418795.80
2017,2,"FE","CSEM","SNF",97148.52
2017,2,"FE","EAWAG","Andere Bund",147353.11
2017,2,"FE","EAWAG","ETH-Rat",855824.46
2017,2,"FE","EAWAG","EU",24618.63
2017,2,"FE","EAWAG","KTI",137540.61
2017,2,"FE","EMPA","Andere Bund",153223.89
2017,2,"FE","EMPA","BFE",401000.00
2017,2,"FE","EMPA","ETH-Rat",13564604.48
2017,2,"FE","EMPA","EU",161719.08
2017,2,"FE","EMPA","KTI",447311.38
2017,2,"FE","EMPA","Kantone",252000.00
2017,2,"FE","EMPA","SBFI",982901.30
2017,2,"FE","EMPA","SNF",1267758.30
2017,2,"FE","EPFL","BFE",1559500.90
2017,2,"FE","EPFL","ETH-Rat",12983646.84
2017,2,"FE","EPFL","EU",1268635.15
2017,2,"FE","EPFL","KTI",2961716.41
2017,2,"FE","EPFL","SBFI",740871.10
2017,2,"FE","EPFL","SNF",6018079.21
2017,2,"FE","ETHZ","BFE",852744.00
2017,2,"FE","ETHZ","ETH-Rat",12172909.39
2017,2,"FE","ETHZ","EU",872375.24
2017,2,"FE","ETHZ","KTI",2359989.27
2017,2,"FE","ETHZ","SBFI",432453.10
2017,2,"FE","ETHZ","SNF",3141214.11
2017,2,"FE","FHNW","Andere Bund",454272.00
2017,2,"FE","FHNW","BFE",30655.00
2017,2,"FE","FHNW","KTI",354314.00
2017,2,"FE","FHNW","Kantone",414362.80
2017,2,"FE","FHNW","SNF",92864.01
2017,2,"FE","FHO","Andere Bund",74317.45
2017,2,"FE","FHO","BFE",1110138.45
2017,2,"FE","FHO","KTI",1089602.68
2017,2,"FE","FHO","Kantone",868006.71
2017,2,"FE","FHO","SNF",467437.03
2017,2,"FE","FHZ","BFE",132600.00
2017,2,"FE","FHZ","KTI",1005519.66
2017,2,"FE","FHZ","Kantone",1227174.07
2017,2,"FE","FHZ","SBFI",46006.00
2017,2,"FE","FHZ","SNF",116527.44
2017,2,"FE","Gemeinde","BFE",56858.55
2017,2,"FE","Gemeinde","SBFI",111868.50
2017,2,"FE","HES-SO","Andere Bund",410579.87
2017,2,"FE","HES-SO","BFE",386735.00
2017,2,"FE","HES-SO","EU",7752.55
2017,2,"FE","HES-SO","KTI",497091.68
2017,2,"FE","HES-SO","Kantone",2249435.76
2017,2,"FE","HES-SO","SNF",197592.39
2017,2,"FE","PSI","BFE",299584.00
2017,2,"FE","PSI","ETH-Rat",7108206.67
2017,2,"FE","PSI","EU",396403.39
2017,2,"FE","PSI","KTI",1582379.06
2017,2,"FE","PSI","Kantone",92107.00
2017,2,"FE","PSI","SNF",205278.27
2017,2,"FE","Privat","Andere Bund",287599.03
2017,2,"FE","Privat","BFE",1651285.98
2017,2,"FE","Privat","EU",681146.20
2017,2,"FE","Privat","SBFI",3912629.30
2017,2,"FE","Privat","SNF",60621.60
2017,2,"FE","SUPSI","BFE",158458.00
2017,2,"FE","SUPSI","EU",21599.83
2017,2,"FE","SUPSI","KTI",178476.20
2017,2,"FE","SUPSI","Kantone",600813.59
2017,2,"FE","SUPSI","SBFI",1591274.60
2017,2,"FE","USI","KTI",114423.91
2017,2,"FE","USI","Kantone",115470.55
2017,2,"FE","UniBE","BFE",12000.00
2017,2,"FE","UniBE","KTI",172500.00
2017,2,"FE","UniBE","Kantone",1188323.34
2017,2,"FE","UniBE","SNF",645637.16
2017,2,"FE","UniBS","BFE",65690.00
2017,2,"FE","UniBS","Kantone",1084593.55
2017,2,"FE","UniBS","SNF",435380.24
2017,2,"FE","UniFR","Kantone",323495.17
2017,2,"FE","UniFR","SNF",305581.40
2017,2,"FE","UniGE","BFE",34990.00
2017,2,"FE","UniGE","KTI",240402.60
2017,2,"FE","UniGE","Kantone",965074.38
2017,2,"FE","UniGE","SNF",324619.46
2017,2,"FE","UniLS","KTI",113639.55
2017,2,"FE","UniLS","Kantone",1354451.22
2017,2,"FE","UniLS","SNF",421143.11
2017,2,"FE","UniNE","KTI",305936.32
2017,2,"FE","UniNE","Kantone",883103.68
2017,2,"FE","UniNE","SNF",88748.58
2017,2,"FE","UniZH","Kantone",3724553.90
2017,2,"FE","UniZH","SNF",1010673.79
2017,2,"FE","WSL","ETH-Rat",896737.46
2017,2,"FE","WSL","KTI",391836.30
2017,2,"FE","WSL","SNF",264111.31
2017,2,"FE","ZFH","BFE",307198.80
2017,2,"FE","ZFH","KTI",565085.99
2017,2,"FE","ZFH","Kantone",1510907.26
2017,2,"FE","ZFH","SNF",249374.43
2017,2,"PD","BFH","BFE",50000.00
2017,2,"PD","BFH","Kantone",81189.52
2017,2,"PD","Bund","BFE",502969.86
2017,2,"PD","Bund","SBFI",31127.37
2017,2,"PD","CSEM","BFE",79500.00
2017,2,"PD","CSEM","Kantone",19974.87
2017,2,"PD","CSEM","SBFI",1762516.50
2017,2,"PD","EMPA","BFE",535775.00
2017,2,"PD","EMPA","ETH-Rat",770300.89
2017,2,"PD","EPFL","BFE",130000.00
2017,2,"PD","EPFL","ETH-Rat",1016165.03
2017,2,"PD","EPFL","SBFI",202398.00
2017,2,"PD","ETHZ","BFE",1010420.00
2017,2,"PD","ETHZ","ETH-Rat",297747.76
2017,2,"PD","ETHZ","EU",82316.12
2017,2,"PD","FHNW","BFE",82000.00
2017,2,"PD","FHNW","Kantone",599.76
2017,2,"PD","FHO","BFE",71751.00
2017,2,"PD","FHO","Kantone",10517.03
2017,2,"PD","FHZ","Kantone",15038.00
2017,2,"PD","Gemeinde","BFE",300000.00
2017,2,"PD","Gemeinde","Kantone",12987.01
2017,2,"PD","HES-SO","Kantone",175300.00
2017,2,"PD","Kanton","BFE",100000.00
2017,2,"PD","Kanton","Kantone",237507.07
2017,2,"PD","PSI","ETH-Rat",4732714.00
2017,2,"PD","Privat","BFE",3908541.00
2017,2,"PD","Privat","Kantone",314048.46
2017,2,"PD","Privat","SBFI",1975259.20
2017,2,"PD","SUPSI","BFE",20000.00
2017,2,"PD","SUPSI","Kantone",3000.00
2017,2,"PD","ZFH","BFE",5000.00
2017,2,"PD","ZFH","Kantone",4946.77
2017,3,"FE","Ausland","ENSI",625092.00
2017,3,"FE","Bund","BFE",7101.34
2017,3,"FE","Bund","ENSI",674435.00
2017,3,"FE","Bund","EU",777.25
2017,3,"FE","Bund","SBFI",20026.05
2017,3,"FE","Bund","SNF",55003.29
2017,3,"FE","EMPA","ETH-Rat",185228.88
2017,3,"FE","EMPA","SBFI",136562.40
2017,3,"FE","EPFL","ETH-Rat",15356639.94
2017,3,"FE","EPFL","EU",8024471.56
2017,3,"FE","EPFL","SBFI",1276570.30
2017,3,"FE","EPFL","SNF",1223400.00
2017,3,"FE","ETHZ","ETH-Rat",1863287.63
2017,3,"FE","ETHZ","EU",7089.85
2017,3,"FE","ETHZ","SBFI",471896.70
2017,3,"FE","FHNW","Kantone",197369.00
2017,3,"FE","PSI","ENSI",1289972.00
2017,3,"FE","PSI","ETH-Rat",17759686.32
2017,3,"FE","PSI","EU",666014.32
2017,3,"FE","PSI","SBFI",255033.30
2017,3,"FE","PSI","SNF",26674.70
2017,3,"FE","Privat","BFE",39739.00
2017,3,"FE","Privat","EU",214504.14
2017,3,"FE","Privat","SBFI",197610.30
2017,3,"FE","UniBE","BFE",49110.60
2017,3,"FE","UniBE","Kantone",206421.73
2017,3,"FE","UniBE","SBFI",109270.20
2017,3,"FE","UniBS","Kantone",190480.74
2017,3,"FE","UniBS","SBFI",88000.00
2017,3,"FE","UniGE","EU",55032.20
2017,3,"FE","UniGE","Kantone",92518.28
2017,3,"PD","EPFL","ETH-Rat",66000.00
2017,4,"FE","Ausland","BFE",169306.67
2017,4,"FE","Bund","Andere Bund",15399.58
2017,4,"FE","Bund","BFE",104628.62
2017,4,"FE","Bund","KTI",285065.09
2017,4,"FE","Bund","SBFI",968.87
2017,4,"FE","Bund","SNF",231223.17
2017,4,"FE","EAWAG","ETH-Rat",87500.00
2017,4,"FE","EPFL","BFE",70000.00
2017,4,"FE","EPFL","ETH-Rat",145686.74
2017,4,"FE","EPFL","KTI",120298.75
2017,4,"FE","ETHZ","Andere Bund",63345.34
2017,4,"FE","ETHZ","BFE",277000.00
2017,4,"FE","ETHZ","ETH-Rat",4533960.07
2017,4,"FE","ETHZ","EU",187118.68
2017,4,"FE","ETHZ","KTI",851208.90
2017,4,"FE","ETHZ","SNF",1713179.85
2017,4,"FE","FHZ","Kantone",323820.74
2017,4,"FE","FHZ","SNF",77245.25
2017,4,"FE","HES-SO","BFE",50000.00
2017,4,"FE","HES-SO","Kantone",826138.33
2017,4,"FE","HES-SO","SNF",46332.95
2017,4,"FE","PSI","BFE",168695.81
2017,4,"FE","PSI","ETH-Rat",919752.46
2017,4,"FE","PSI","EU",24377.65
2017,4,"FE","PSI","KTI",38079.00
2017,4,"FE","Privat","Andere Bund",22065.50
2017,4,"FE","Privat","BFE",256930.00
2017,4,"FE","Privat","EU",54800.40
2017,4,"FE","Privat","SNF",253604.37
2017,4,"FE","SUPSI","BFE",90000.00
2017,4,"FE","SUPSI","Kantone",352549.55
2017,4,"FE","SUPSI","SNF",283560.17
2017,4,"FE","UniBE","Kantone",536046.59
2017,4,"FE","UniBE","SNF",328443.18
2017,4,"FE","UniBS","BFE",119745.00
2017,4,"FE","UniBS","KTI",778409.85
2017,4,"FE","UniBS","Kantone",2441977.75
2017,4,"FE","UniBS","SNF",319482.85
2017,4,"FE","UniFR","Kantone",702591.56
2017,4,"FE","UniFR","SNF",179984.95
2017,4,"FE","UniGE","BFE",29000.00
2017,4,"FE","UniGE","KTI",383536.50
2017,4,"FE","UniGE","Kantone",2858003.39
2017,4,"FE","UniGE","SBFI",12772.50
2017,4,"FE","UniGE","SNF",744132.64
2017,4,"FE","UniLS","Kantone",2601531.79
2017,4,"FE","UniLS","SNF",441647.96
2017,4,"FE","UniLU","KTI",323376.74
2017,4,"FE","UniLU","Kantone",1145798.23
2017,4,"FE","UniLU","SNF",130616.58
2017,4,"FE","UniNE","KTI",307138.00
2017,4,"FE","UniNE","Kantone",965685.30
2017,4,"FE","UniNE","SNF",41615.10
2017,4,"FE","UniSG","BFE",40000.00
2017,4,"FE","UniSG","KTI",782851.00
2017,4,"FE","UniSG","Kantone",1769745.83
2017,4,"FE","UniSG","SNF",181684.93
2017,4,"FE","UniZH","Kantone",806207.63
2017,4,"FE","UniZH","SBFI",109869.30
2017,4,"FE","UniZH","SNF",157391.31
2017,4,"FE","WSL","ETH-Rat",635125.79
2017,4,"FE","WSL","SNF",206463.32
2017,4,"FE","ZFH","BFE",38400.00
2017,4,"FE","ZFH","KTI",862294.55
2017,4,"FE","ZFH","Kantone",3198876.80
2017,4,"FE","ZFH","SNF",149686.72
2017,4,"PD","Bund","BFE",19501.81
2017,4,"PD","EPFL","ETH-Rat",167000.00
2017,4,"PD","ETHZ","BFE",199000.00
2017,4,"PD","ETHZ","ETH-Rat",309196.75
2017,4,"PD","HES-SO","Kantone",8653.85
2017,4,"PD","PSI","ETH-Rat",661990.00
2017,4,"PD","Privat","BFE",45000.00
2017,4,"PD","Privat","Kantone",8653.85
2017,4,"PD","UniBS","EU",10091.98
2017,4,"PD","UniBS","Kantone",23942.85
2018,1,"FE","Ausland","BFE",197182.00
2018,1,"FE","BFH","Andere Bund",19050.00
2018,1,"FE","BFH","BFE",401712.00
2018,1,"FE","BFH","INNOSUISSE",1433986.00
2018,1,"FE","BFH","Kantone",2590143.79
2018,1,"FE","Bund","Andere Bund",269242.50
2018,1,"FE","Bund","BFE",1435206.42
2018,1,"FE","Bund","EU",438925.00
2018,1,"FE","Bund","INNOSUISSE",2439838.68
2018,1,"FE","Bund","SBFI",171328.12
2018,1,"FE","Bund","SNF",436857.50
2018,1,"FE","CSEM","EU",119320.00
2018,1,"FE","CSEM","INNOSUISSE",434186.00
2018,1,"FE","CSEM","SBFI",219226.00
2018,1,"FE","EAWAG","ETH-Rat",207649.00
2018,1,"FE","EAWAG","INNOSUISSE",75670.00
2018,1,"FE","EMPA","Andere Bund",133580.00
2018,1,"FE","EMPA","BFE",479330.00
2018,1,"FE","EMPA","ETH-Rat",22700396.43
2018,1,"FE","EMPA","EU",461879.00
2018,1,"FE","EMPA","INNOSUISSE",2078164.00
2018,1,"FE","EMPA","Kantone",46015.00
2018,1,"FE","EMPA","SNF",968860.04
2018,1,"FE","EPFL","BFE",730070.00
2018,1,"FE","EPFL","ETH-Rat",10990785.47
2018,1,"FE","EPFL","EU",2074693.00
2018,1,"FE","EPFL","INNOSUISSE",3944649.00
2018,1,"FE","EPFL","Kantone",292765.00
2018,1,"FE","EPFL","SBFI",337939.00
2018,1,"FE","EPFL","SNF",3832317.31
2018,1,"FE","ETHZ","BFE",1206244.00
2018,1,"FE","ETHZ","ETH-Rat",14584501.84
2018,1,"FE","ETHZ","EU",1261742.00
2018,1,"FE","ETHZ","INNOSUISSE",5030020.00
2018,1,"FE","ETHZ","SBFI",519822.00
2018,1,"FE","ETHZ","SNF",2624439.50
2018,1,"FE","FHNW","Andere Bund",48000.00
2018,1,"FE","FHNW","BFE",698175.00
2018,1,"FE","FHNW","INNOSUISSE",1253273.00
2018,1,"FE","FHNW","Kantone",642040.61
2018,1,"FE","FHNW","SNF",115059.21
2018,1,"FE","FHO","BFE",169187.00
2018,1,"FE","FHO","INNOSUISSE",3127928.00
2018,1,"FE","FHO","Kantone",2009945.16
2018,1,"FE","FHO","SBFI",209630.00
2018,1,"FE","FHZ","BFE",613646.00
2018,1,"FE","FHZ","INNOSUISSE",1992588.00
2018,1,"FE","FHZ","Kantone",3579863.73
2018,1,"FE","FHZ","SNF",31619.00
2018,1,"FE","Gemeinde","BFE",35000.00
2018,1,"FE","Gemeinde","EU",148642.00
2018,1,"FE","HES-SO","Andere Bund",25194.00
2018,1,"FE","HES-SO","BFE",343829.00
2018,1,"FE","HES-SO","EU",163027.00
2018,1,"FE","HES-SO","INNOSUISSE",1211130.00
2018,1,"FE","HES-SO","Kantone",4919611.90
2018,1,"FE","HES-SO","SNF",234188.17
2018,1,"FE","Kanton","BFE",50000.00
2018,1,"FE","Kanton","EU",48556.00
2018,1,"FE","PSI","BFE",500160.00
2018,1,"FE","PSI","ETH-Rat",13197948.00
2018,1,"FE","PSI","EU",1929.00
2018,1,"FE","PSI","INNOSUISSE",1342731.00
2018,1,"FE","PSI","SNF",1925939.39
2018,1,"FE","Privat","BFE",2280212.00
2018,1,"FE","Privat","EU",3103449.00
2018,1,"FE","Privat","INNOSUISSE",127722.00
2018,1,"FE","Privat","SBFI",743266.00
2018,1,"FE","SUPSI","BFE",333000.00
2018,1,"FE","SUPSI","INNOSUISSE",515395.00
2018,1,"FE","SUPSI","Kantone",354342.61
2018,1,"FE","SUPSI","SNF",79537.60
2018,1,"FE","USI","INNOSUISSE",386579.00
2018,1,"FE","USI","Kantone",280712.96
2018,1,"FE","UniBE","INNOSUISSE",338389.00
2018,1,"FE","UniBE","Kantone",394513.42
2018,1,"FE","UniBS","EU",132873.00
2018,1,"FE","UniBS","INNOSUISSE",44499.00
2018,1,"FE","UniBS","Kantone",370664.81
2018,1,"FE","UniFR","INNOSUISSE",181700.00
2018,1,"FE","UniFR","Kantone",692580.23
2018,1,"FE","UniFR","SNF",310492.65
2018,1,"FE","UniGE","BFE",83300.00
2018,1,"FE","UniGE","INNOSUISSE",634156.00
2018,1,"FE","UniGE","Kantone",3022463.74
2018,1,"FE","UniGE","SNF",639974.12
2018,1,"FE","UniNE","INNOSUISSE",28963.00
2018,1,"FE","UniNE","Kantone",68670.64
2018,1,"FE","UniSG","INNOSUISSE",60000.00
2018,1,"FE","UniSG","Kantone",26453.00
2018,1,"FE","UniZH","Kantone",14625.30
2018,1,"FE","UniZH","SNF",6416.82
2018,1,"FE","ZFH","BFE",233011.00
2018,1,"FE","ZFH","EU",151977.00
2018,1,"FE","ZFH","INNOSUISSE",2107446.00
2018,1,"FE","ZFH","Kantone",3372268.88
2018,1,"FE","ZFH","SBFI",216336.00
2018,1,"FE","ZFH","SNF",328340.49
2018,1,"PD","BFH","Andere Bund",20000.00
2018,1,"PD","BFH","BFE",190217.00
2018,1,"PD","BFH","Kantone",197072.39
2018,1,"PD","CSEM","BFE",90000.00
2018,1,"PD","CSEM","EU",420309.00
2018,1,"PD","EMPA","Andere Bund",51180.00
2018,1,"PD","EMPA","BFE",1738628.00
2018,1,"PD","EMPA","ETH-Rat",3439449.60
2018,1,"PD","EMPA","Kantone",2221056.00
2018,1,"PD","EPFL","Andere Bund",10000.00
2018,1,"PD","EPFL","BFE",67000.00
2018,1,"PD","EPFL","ETH-Rat",744159.51
2018,1,"PD","EPFL","EU",658466.00
2018,1,"PD","EPFL","Kantone",181769.00
2018,1,"PD","ETHZ","BFE",1585000.00
2018,1,"PD","ETHZ","ETH-Rat",157800.00
2018,1,"PD","FHNW","Andere Bund",12450.00
2018,1,"PD","FHNW","Kantone",30670.11
2018,1,"PD","FHO","BFE",130000.00
2018,1,"PD","FHO","Kantone",1840.00
2018,1,"PD","FHZ","Andere Bund",88960.00
2018,1,"PD","FHZ","BFE",141194.00
2018,1,"PD","FHZ","Kantone",123083.56
2018,1,"PD","Gemeinde","BFE",17690.00
2018,1,"PD","Gemeinde","SBFI",54371.00
2018,1,"PD","HES-SO","Andere Bund",40926.00
2018,1,"PD","HES-SO","BFE",141345.00
2018,1,"PD","HES-SO","Kantone",1410317.29
2018,1,"PD","HES-SO","SBFI",657682.00
2018,1,"PD","Kanton","BFE",150000.00
2018,1,"PD","Kanton","Kantone",979882.00
2018,1,"PD","PSI","ETH-Rat",1203800.00
2018,1,"PD","Privat","Andere Bund",2312136.00
2018,1,"PD","Privat","BFE",4409203.00
2018,1,"PD","Privat","EU",2590620.00
2018,1,"PD","Privat","SBFI",328022.00
2018,1,"PD","SUPSI","EU",118830.00
2018,1,"PD","SUPSI","Kantone",28424.70
2018,1,"PD","UniBS","Andere Bund",19680.00
2018,1,"PD","UniBS","Kantone",41126.47
2018,1,"PD","UniSG","EU",15025.00
2018,1,"PD","UniSG","Kantone",342028.32
2018,1,"PD","UniSG","SBFI",138356.00
2018,1,"PD","ZFH","Kantone",49193.00
2018,2,"FE","Ausland","BFE",165781.00
2018,2,"FE","BFH","Andere Bund",70000.00
2018,2,"FE","BFH","BFE",156065.00
2018,2,"FE","BFH","INNOSUISSE",461527.00
2018,2,"FE","BFH","Kantone",953586.77
2018,2,"FE","BFH","SNF",160764.19
2018,2,"FE","Bund","Andere Bund",340498.25
2018,2,"FE","Bund","BFE",1153149.21
2018,2,"FE","Bund","EU",300381.00
2018,2,"FE","Bund","INNOSUISSE",1429739.17
2018,2,"FE","Bund","SBFI",239923.60
2018,2,"FE","Bund","SNF",629544.26
2018,2,"FE","CSEM","BFE",72000.00
2018,2,"FE","CSEM","EU",149063.00
2018,2,"FE","CSEM","INNOSUISSE",2173338.00
2018,2,"FE","CSEM","SBFI",5658108.00
2018,2,"FE","CSEM","SNF",472860.49
2018,2,"FE","EAWAG","Andere Bund",135030.00
2018,2,"FE","EAWAG","ETH-Rat",1020453.63
2018,2,"FE","EAWAG","EU",75989.00
2018,2,"FE","EAWAG","INNOSUISSE",142571.00
2018,2,"FE","EMPA","Andere Bund",145600.00
2018,2,"FE","EMPA","BFE",427155.00
2018,2,"FE","EMPA","ETH-Rat",13652144.34
2018,2,"FE","EMPA","INNOSUISSE",560953.00
2018,2,"FE","EMPA","SBFI",766527.00
2018,2,"FE","EMPA","SNF",1130366.88
2018,2,"FE","EPFL","BFE",1273980.00
2018,2,"FE","EPFL","ETH-Rat",12120215.44
2018,2,"FE","EPFL","EU",1653119.00
2018,2,"FE","EPFL","INNOSUISSE",2153061.00
2018,2,"FE","EPFL","Kantone",120400.00
2018,2,"FE","EPFL","SBFI",341936.00
2018,2,"FE","EPFL","SNF",7574042.89
2018,2,"FE","ETHZ","BFE",800980.00
2018,2,"FE","ETHZ","ETH-Rat",11400420.61
2018,2,"FE","ETHZ","EU",692165.00
2018,2,"FE","ETHZ","INNOSUISSE",2359026.00
2018,2,"FE","ETHZ","SBFI",530115.00
2018,2,"FE","ETHZ","SNF",2434909.16
2018,2,"FE","FHNW","BFE",157590.00
2018,2,"FE","FHNW","EU",104123.00
2018,2,"FE","FHNW","INNOSUISSE",424785.00
2018,2,"FE","FHNW","Kantone",364507.12
2018,2,"FE","FHNW","SNF",15109.97
2018,2,"FE","FHO","Andere Bund",59900.00
2018,2,"FE","FHO","BFE",1165972.00
2018,2,"FE","FHO","INNOSUISSE",972731.00
2018,2,"FE","FHO","Kantone",1064319.10
2018,2,"FE","FHO","SNF",104588.36
2018,2,"FE","FHZ","BFE",111000.00
2018,2,"FE","FHZ","INNOSUISSE",792851.00
2018,2,"FE","FHZ","Kantone",931153.95
2018,2,"FE","FHZ","SBFI",110637.00
2018,2,"FE","FHZ","SNF",402612.34
2018,2,"FE","Gemeinde","BFE",74000.00
2018,2,"FE","HES-SO","Andere Bund",388331.00
2018,2,"FE","HES-SO","BFE",362330.00
2018,2,"FE","HES-SO","INNOSUISSE",718961.00
2018,2,"FE","HES-SO","Kantone",2816715.20
2018,2,"FE","HES-SO","SNF",79774.55
2018,2,"FE","PSI","BFE",249225.00
2018,2,"FE","PSI","ETH-Rat",7225036.00
2018,2,"FE","PSI","EU",266166.00
2018,2,"FE","PSI","INNOSUISSE",1590560.00
2018,2,"FE","PSI","SNF",179410.48
2018,2,"FE","Privat","Andere Bund",319900.00
2018,2,"FE","Privat","BFE",1778826.00
2018,2,"FE","Privat","EU",380021.00
2018,2,"FE","Privat","SBFI",864619.00
2018,2,"FE","SUPSI","BFE",317445.00
2018,2,"FE","SUPSI","INNOSUISSE",467291.00
2018,2,"FE","SUPSI","Kantone",252204.06
2018,2,"FE","SUPSI","SBFI",120000.00
2018,2,"FE","USI","ETH-Rat",100320.00
2018,2,"FE","USI","INNOSUISSE",185038.00
2018,2,"FE","USI","Kantone",224290.00
2018,2,"FE","UniBE","BFE",40000.00
2018,2,"FE","UniBE","INNOSUISSE",172500.00
2018,2,"FE","UniBE","Kantone",1247201.63
2018,2,"FE","UniBE","SNF",586378.94
2018,2,"FE","UniBS","BFE",154956.00
2018,2,"FE","UniBS","Kantone",1382384.22
2018,2,"FE","UniBS","SNF",568853.40
2018,2,"FE","UniFR","Kantone",195042.03
2018,2,"FE","UniFR","SNF",204791.40
2018,2,"FE","UniGE","BFE",100080.00
2018,2,"FE","UniGE","INNOSUISSE",661710.00
2018,2,"FE","UniGE","Kantone",1719330.12
2018,2,"FE","UniGE","SNF",326772.79
2018,2,"FE","UniLS","INNOSUISSE",116861.00
2018,2,"FE","UniLS","Kantone",1306794.91
2018,2,"FE","UniLS","SNF",423936.99
2018,2,"FE","UniNE","BFE",110000.00
2018,2,"FE","UniNE","INNOSUISSE",184000.00
2018,2,"FE","UniNE","Kantone",1098836.63
2018,2,"FE","UniNE","SNF",89336.90
2018,2,"FE","UniZH","Kantone",3837621.43
2018,2,"FE","UniZH","SNF",1025626.92
2018,2,"FE","WSL","BFE",5600.00
2018,2,"FE","WSL","ETH-Rat",426428.15
2018,2,"FE","WSL","INNOSUISSE",396048.00
2018,2,"FE","WSL","SNF",7940.73
2018,2,"FE","ZFH","Andere Bund",25000.00
2018,2,"FE","ZFH","BFE",272834.00
2018,2,"FE","ZFH","INNOSUISSE",906736.00
2018,2,"FE","ZFH","Kantone",2307044.33
2018,2,"FE","ZFH","SNF",196155.53
2018,2,"PD","BFH","EU",126710.00
2018,2,"PD","BFH","Kantone",130292.05
2018,2,"PD","CSEM","BFE",20000.00
2018,2,"PD","CSEM","SBFI",429420.00
2018,2,"PD","EAWAG","ETH-Rat",37050.00
2018,2,"PD","EMPA","BFE",372500.00
2018,2,"PD","EMPA","ETH-Rat",544644.10
2018,2,"PD","EMPA","EU",142561.00
2018,2,"PD","EMPA","SBFI",32169.00
2018,2,"PD","EPFL","BFE",130000.00
2018,2,"PD","EPFL","ETH-Rat",474352.77
2018,2,"PD","EPFL","EU",160526.00
2018,2,"PD","EPFL","SBFI",182690.00
2018,2,"PD","ETHZ","BFE",1747548.00
2018,2,"PD","ETHZ","ETH-Rat",1942433.90
2018,2,"PD","ETHZ","EU",82316.00
2018,2,"PD","ETHZ","SBFI",633434.00
2018,2,"PD","FHNW","Andere Bund",50000.00
2018,2,"PD","FHNW","Kantone",4737.00
2018,2,"PD","FHO","BFE",71751.00
2018,2,"PD","FHO","Kantone",163342.14
2018,2,"PD","FHO","SBFI",391095.00
2018,2,"PD","FHZ","Kantone",9880.00
2018,2,"PD","Gemeinde","SBFI",809356.00
2018,2,"PD","HES-SO","Andere Bund",260000.00
2018,2,"PD","HES-SO","BFE",223914.00
2018,2,"PD","HES-SO","Kantone",473150.35
2018,2,"PD","Kanton","BFE",1000000.00
2018,2,"PD","Kanton","Kantone",9950.00
2018,2,"PD","PSI","BFE",500000.00
2018,2,"PD","PSI","ETH-Rat",4960800.00
2018,2,"PD","Privat","Andere Bund",25000.00
2018,2,"PD","Privat","BFE",1789022.00
2018,2,"PD","Privat","EU",1078601.00
2018,2,"PD","Privat","Kantone",37600.00
2018,2,"PD","Privat","SBFI",3823977.00
2018,2,"PD","SUPSI","BFE",15000.00
2018,2,"PD","SUPSI","EU",228162.00
2018,2,"PD","SUPSI","Kantone",68077.44
2018,2,"PD","WSL","ETH-Rat",52650.00
2018,2,"PD","ZFH","BFE",5000.00
2018,2,"PD","ZFH","Kantone",8260.00
2018,3,"FE","Ausland","ENSI",583875.00
2018,3,"FE","Bund","BFE",2466.56
2018,3,"FE","Bund","ENSI",705000.00
2018,3,"FE","Bund","EU",6815.00
2018,3,"FE","Bund","SBFI",7748.69
2018,3,"FE","Bund","SNF",940.99
2018,3,"FE","EPFL","ETH-Rat",15972944.76
2018,3,"FE","EPFL","EU",8042080.00
2018,3,"FE","EPFL","SBFI",1101468.00
2018,3,"FE","EPFL","SNF",1281461.00
2018,3,"FE","ETHZ","ETH-Rat",724368.47
2018,3,"FE","PSI","ENSI",939864.00
2018,3,"FE","PSI","ETH-Rat",15913676.00
2018,3,"FE","PSI","EU",734412.00
2018,3,"FE","Privat","BFE",4981.00
2018,3,"FE","Privat","EU",174123.00
2018,3,"FE","UniBE","BFE",24260.00
2018,3,"FE","UniBE","Kantone",108349.07
2018,3,"FE","UniBS","EU",40000.00
2018,3,"FE","UniBS","INNOSUISSE",35000.00
2018,3,"FE","UniBS","Kantone",229286.00
2018,3,"FE","UniBS","SBFI",110000.00
2018,3,"FE","UniBS","SNF",65000.00
2018,3,"FE","UniGE","EU",91831.00
2018,3,"FE","UniGE","Kantone",158883.95
2018,3,"FE","UniLS","Kantone",56669.66
2018,3,"FE","UniLS","SNF",24077.12
2018,4,"FE","Ausland","BFE",275103.00
2018,4,"FE","Bund","Andere Bund",72756.65
2018,4,"FE","Bund","BFE",154177.81
2018,4,"FE","Bund","INNOSUISSE",431998.32
2018,4,"FE","Bund","SBFI",6305.29
2018,4,"FE","Bund","SNF",159301.59
2018,4,"FE","EPFL","BFE",70000.00
2018,4,"FE","EPFL","ETH-Rat",3685.00
2018,4,"FE","EPFL","EU",197274.00
2018,4,"FE","EPFL","INNOSUISSE",67962.00
2018,4,"FE","EPFL","SNF",252896.23
2018,4,"FE","ETHZ","Andere Bund",20000.00
2018,4,"FE","ETHZ","BFE",290989.00
2018,4,"FE","ETHZ","ETH-Rat",3216785.36
2018,4,"FE","ETHZ","EU",417176.00
2018,4,"FE","ETHZ","INNOSUISSE",896364.00
2018,4,"FE","ETHZ","SNF",918479.24
2018,4,"FE","FHZ","EU",59412.00
2018,4,"FE","FHZ","Kantone",83005.71
2018,4,"FE","HES-SO","EU",26093.00
2018,4,"FE","HES-SO","INNOSUISSE",111113.00
2018,4,"FE","HES-SO","Kantone",1122402.78
2018,4,"FE","HES-SO","SBFI",107650.00
2018,4,"FE","PSI","BFE",169091.00
2018,4,"FE","PSI","ETH-Rat",1161122.00
2018,4,"FE","PSI","EU",79031.00
2018,4,"FE","Privat","BFE",304990.00
2018,4,"FE","Privat","EU",785491.00
2018,4,"FE","Privat","SBFI",34059.00
2018,4,"FE","Privat","SNF",382136.69
2018,4,"FE","SUPSI","BFE",69946.00
2018,4,"FE","SUPSI","Kantone",139111.46
2018,4,"FE","SUPSI","SNF",133705.50
2018,4,"FE","UniBE","Kantone",487508.68
2018,4,"FE","UniBE","SNF",284889.38
2018,4,"FE","UniBS","BFE",80000.00
2018,4,"FE","UniBS","INNOSUISSE",838210.00
2018,4,"FE","UniBS","Kantone",1944072.75
2018,4,"FE","UniBS","SNF",199993.95
2018,4,"FE","UniFR","Kantone",636316.98
2018,4,"FE","UniFR","SNF",181179.20
2018,4,"FE","UniGE","BFE",146000.00
2018,4,"FE","UniGE","INNOSUISSE",386475.00
2018,4,"FE","UniGE","Kantone",3298703.40
2018,4,"FE","UniGE","SBFI",164044.00
2018,4,"FE","UniGE","SNF",575373.54
2018,4,"FE","UniLS","EU",45678.00
2018,4,"FE","UniLS","Kantone",3205460.45
2018,4,"FE","UniLS","SBFI",179794.00
2018,4,"FE","UniLS","SNF",343020.35
2018,4,"FE","UniLU","INNOSUISSE",334108.00
2018,4,"FE","UniLU","Kantone",1434640.90
2018,4,"FE","UniLU","SNF",264322.76
2018,4,"FE","UniNE","INNOSUISSE",307137.00
2018,4,"FE","UniNE","Kantone",980654.40
2018,4,"FE","UniNE","SNF",166198.39
2018,4,"FE","UniSG","INNOSUISSE",840353.00
2018,4,"FE","UniSG","Kantone",1845867.95
2018,4,"FE","UniSG","SBFI",180863.00
2018,4,"FE","UniSG","SNF",168037.86
2018,4,"FE","UniZH","Kantone",283184.61
2018,4,"FE","UniZH","SBFI",36269.00
2018,4,"FE","UniZH","SNF",79432.04
2018,4,"FE","WSL","ETH-Rat",268005.10
2018,4,"FE","WSL","SNF",106190.65
2018,4,"FE","ZFH","BFE",116655.00
2018,4,"FE","ZFH","INNOSUISSE",883668.00
2018,4,"FE","ZFH","Kantone",2325129.74
2018,4,"FE","ZFH","SBFI",8515.00
2018,4,"FE","ZFH","SNF",12797.71
2018,4,"PD","ETHZ","BFE",67000.00
2018,4,"PD","ETHZ","ETH-Rat",103850.00
2018,4,"PD","HES-SO","Kantone",7220.00
2018,4,"PD","PSI","ETH-Rat",564400.00
2018,4,"PD","Privat","Andere Bund",1800000.00
2018,4,"PD","Privat","BFE",238000.00
2018,4,"PD","Privat","Kantone",7220.00
2018,4,"PD","Privat","SBFI",157917.00
2018,4,"PD","SUPSI","Kantone",72412.69
2018,4,"PD","SUPSI","SBFI",116688.00
2018,4,"PD","UniBS","EU",63251.00
2018,4,"PD","UniBS","Kantone",137361.92
2019,1,"FE","Ausland","BFE",233766.00
2019,1,"FE","BFH","Andere Bund",46397.00
2019,1,"FE","BFH","BFE",320840.00
2019,1,"FE","BFH","INNOSUISSE",1804047.00
2019,1,"FE","BFH","Kantone",2089624.44
2019,1,"FE","Bund","Andere Bund",673143.30
2019,1,"FE","Bund","BFE",1297935.14
2019,1,"FE","Bund","EU",518594.00
2019,1,"FE","Bund","INNOSUISSE",2299429.56
2019,1,"FE","Bund","SBFI",219891.46
2019,1,"FE","Bund","SNF",424641.39
2019,1,"FE","CSEM","EU",115670.00
2019,1,"FE","CSEM","INNOSUISSE",621537.00
2019,1,"FE","CSEM","SBFI",421874.00
2019,1,"FE","EAWAG","ETH-Rat",313739.00
2019,1,"FE","EAWAG","INNOSUISSE",76188.00
2019,1,"FE","EMPA","Andere Bund",402802.00
2019,1,"FE","EMPA","BFE",599625.00
2019,1,"FE","EMPA","ETH-Rat",23845603.01
2019,1,"FE","EMPA","EU",701331.00
2019,1,"FE","EMPA","INNOSUISSE",2172679.00
2019,1,"FE","EMPA","Kantone",35000.00
2019,1,"FE","EMPA","SBFI",145145.00
2019,1,"FE","EMPA","SNF",1245627.48
2019,1,"FE","EPFL","BFE",608530.00
2019,1,"FE","EPFL","ETH-Rat",13627023.11
2019,1,"FE","EPFL","EU",4771699.00
2019,1,"FE","EPFL","INNOSUISSE",4504524.00
2019,1,"FE","EPFL","Kantone",40000.00
2019,1,"FE","EPFL","SBFI",333624.00
2019,1,"FE","EPFL","SNF",4036657.34
2019,1,"FE","ETHZ","BFE",1397884.00
2019,1,"FE","ETHZ","ETH-Rat",17355840.05
2019,1,"FE","ETHZ","EU",2095813.00
2019,1,"FE","ETHZ","INNOSUISSE",5906045.00
2019,1,"FE","ETHZ","SBFI",233166.00
2019,1,"FE","ETHZ","SNF",2197546.67
2019,1,"FE","FHNW","BFE",401965.00
2019,1,"FE","FHNW","INNOSUISSE",908675.00
2019,1,"FE","FHNW","Kantone",816644.36
2019,1,"FE","FHO","Andere Bund",39900.00
2019,1,"FE","FHO","BFE",183144.00
2019,1,"FE","FHO","INNOSUISSE",2334504.00
2019,1,"FE","FHO","Kantone",1800776.90
2019,1,"FE","FHO","SBFI",139753.00
2019,1,"FE","FHZ","Andere Bund",20000.00
2019,1,"FE","FHZ","BFE",348400.00
2019,1,"FE","FHZ","INNOSUISSE",2410545.00
2019,1,"FE","FHZ","Kantone",3864909.80
2019,1,"FE","FHZ","SBFI",70000.00
2019,1,"FE","FHZ","SNF",7797.00
2019,1,"FE","Gemeinde","EU",144193.00
2019,1,"FE","HES-SO","BFE",379908.00
2019,1,"FE","HES-SO","EU",169293.00
2019,1,"FE","HES-SO","INNOSUISSE",2368485.00
2019,1,"FE","HES-SO","Kantone",5510260.29
2019,1,"FE","HES-SO","SNF",255601.48
2019,1,"FE","Kanton","EU",122448.00
2019,1,"FE","PSI","BFE",614860.00
2019,1,"FE","PSI","ETH-Rat",12053411.00
2019,1,"FE","PSI","EU",59849.00
2019,1,"FE","PSI","INNOSUISSE",1642153.00
2019,1,"FE","PSI","SNF",2324298.83
2019,1,"FE","Privat","Andere Bund",23000.00
2019,1,"FE","Privat","BFE",1825932.00
2019,1,"FE","Privat","EU",4103716.00
2019,1,"FE","Privat","INNOSUISSE",593645.00
2019,1,"FE","Privat","SBFI",874452.00
2019,1,"FE","SUPSI","Andere Bund",50000.00
2019,1,"FE","SUPSI","BFE",281000.00
2019,1,"FE","SUPSI","INNOSUISSE",1040570.00
2019,1,"FE","SUPSI","Kantone",637846.57
2019,1,"FE","USI","INNOSUISSE",347910.00
2019,1,"FE","USI","Kantone",271756.00
2019,1,"FE","UniBE","EU",73714.00
2019,1,"FE","UniBE","INNOSUISSE",338389.00
2019,1,"FE","UniBE","Kantone",1162819.57
2019,1,"FE","UniBS","EU",139932.00
2019,1,"FE","UniBS","Kantone",322366.36
2019,1,"FE","UniFR","INNOSUISSE",181700.00
2019,1,"FE","UniFR","Kantone",724358.55
2019,1,"FE","UniFR","SNF",212432.03
2019,1,"FE","UniGE","BFE",64950.00
2019,1,"FE","UniGE","INNOSUISSE",635181.00
2019,1,"FE","UniGE","Kantone",3645496.84
2019,1,"FE","UniGE","SNF",172861.80
2019,1,"FE","UniSG","BFE",60000.00
2019,1,"FE","UniSG","INNOSUISSE",60001.00
2019,1,"FE","UniSG","Kantone",71047.96
2019,1,"FE","UniZH","BFE",15000.00
2019,1,"FE","UniZH","Kantone",305867.91
2019,1,"FE","UniZH","SNF",119065.27
2019,1,"FE","ZFH","BFE",152000.00
2019,1,"FE","ZFH","EU",182842.00
2019,1,"FE","ZFH","INNOSUISSE",1269317.00
2019,1,"FE","ZFH","Kantone",1736737.72
2019,1,"FE","ZFH","SBFI",144224.00
2019,1,"FE","ZFH","SNF",267992.48
2019,1,"PD","BFH","Andere Bund",235303.00
2019,1,"PD","BFH","BFE",294811.00
2019,1,"PD","BFH","Kantone",312992.65
2019,1,"PD","CSEM","BFE",53748.00
2019,1,"PD","CSEM","EU",640288.00
2019,1,"PD","EMPA","Andere Bund",87170.00
2019,1,"PD","EMPA","BFE",500000.00
2019,1,"PD","EMPA","ETH-Rat",945286.70
2019,1,"PD","EPFL","Andere Bund",5455.00
2019,1,"PD","EPFL","BFE",97284.00
2019,1,"PD","EPFL","ETH-Rat",2184527.64
2019,1,"PD","EPFL","EU",809867.00
2019,1,"PD","EPFL","Kantone",29654.00
2019,1,"PD","EPFL","SBFI",277328.00
2019,1,"PD","ETHZ","BFE",1050000.00
2019,1,"PD","ETHZ","ETH-Rat",855466.82
2019,1,"PD","ETHZ","EU",73869.00
2019,1,"PD","ETHZ","INNOSUISSE",275367.00
2019,1,"PD","FHNW","Andere Bund",28550.00
2019,1,"PD","FHNW","Kantone",152480.91
2019,1,"PD","FHO","Andere Bund",9860.00
2019,1,"PD","FHO","BFE",100000.00
2019,1,"PD","FHO","Kantone",4989.12
2019,1,"PD","FHZ","Andere Bund",36000.00
2019,1,"PD","FHZ","BFE",170000.00
2019,1,"PD","FHZ","EU",104157.00
2019,1,"PD","FHZ","Kantone",320540.96
2019,1,"PD","HES-SO","BFE",145000.00
2019,1,"PD","HES-SO","EU",17802.00
2019,1,"PD","HES-SO","Kantone",851153.10
2019,1,"PD","HES-SO","SBFI",291448.00
2019,1,"PD","Kanton","BFE",150000.00
2019,1,"PD","Kanton","Kantone",975000.00
2019,1,"PD","PSI","ETH-Rat",835699.00
2019,1,"PD","Privat","Andere Bund",1951632.00
2019,1,"PD","Privat","BFE",5527600.00
2019,1,"PD","Privat","EU",5608884.00
2019,1,"PD","Privat","INNOSUISSE",201003.00
2019,1,"PD","Privat","Kantone",8065.00
2019,1,"PD","Privat","SBFI",217190.00
2019,1,"PD","SUPSI","BFE",73000.00
2019,1,"PD","SUPSI","EU",186878.00
2019,1,"PD","SUPSI","Kantone",93500.34
2019,1,"PD","USI","BFE",80000.00
2019,1,"PD","USI","Kantone",143449.00
2019,1,"PD","UniSG","EU",174221.00
2019,1,"PD","UniSG","Kantone",179420.79
2019,1,"PD","ZFH","Kantone",33661.00
2019,2,"FE","Ausland","BFE",160131.00
2019,2,"FE","BFH","Andere Bund",35000.00
2019,2,"FE","BFH","BFE",78922.00
2019,2,"FE","BFH","INNOSUISSE",229700.00
2019,2,"FE","BFH","Kantone",531415.86
2019,2,"FE","Bund","Andere Bund",470738.69
2019,2,"FE","Bund","BFE",1336138.76
2019,2,"FE","Bund","EU",169889.00
2019,2,"FE","Bund","INNOSUISSE",1269633.36
2019,2,"FE","Bund","SBFI",283499.88
2019,2,"FE","Bund","SNF",557114.88
2019,2,"FE","CSEM","BFE",143000.00
2019,2,"FE","CSEM","EU",292773.00
2019,2,"FE","CSEM","INNOSUISSE",1778455.00
2019,2,"FE","CSEM","SBFI",5617528.00
2019,2,"FE","CSEM","SNF",730686.26
2019,2,"FE","EAWAG","Andere Bund",381030.00
2019,2,"FE","EAWAG","ETH-Rat",1928417.88
2019,2,"FE","EAWAG","EU",73714.00
2019,2,"FE","EAWAG","INNOSUISSE",104908.00
2019,2,"FE","EAWAG","SNF",47523.53
2019,2,"FE","EMPA","BFE",251050.00
2019,2,"FE","EMPA","ETH-Rat",12323144.42
2019,2,"FE","EMPA","EU",19267.00
2019,2,"FE","EMPA","INNOSUISSE",364602.00
2019,2,"FE","EMPA","Kantone",63000.00
2019,2,"FE","EMPA","SBFI",473600.00
2019,2,"FE","EMPA","SNF",798827.26
2019,2,"FE","EPFL","Andere Bund",203000.00
2019,2,"FE","EPFL","BFE",912620.00
2019,2,"FE","EPFL","ETH-Rat",13079253.85
2019,2,"FE","EPFL","EU",2485344.00
2019,2,"FE","EPFL","INNOSUISSE",3094164.00
2019,2,"FE","EPFL","SBFI",655857.00
2019,2,"FE","EPFL","SNF",6250396.93
2019,2,"FE","ETHZ","Andere Bund",225000.00
2019,2,"FE","ETHZ","BFE",704578.00
2019,2,"FE","ETHZ","ETH-Rat",13929516.12
2019,2,"FE","ETHZ","EU",1036465.00
2019,2,"FE","ETHZ","INNOSUISSE",2383171.00
2019,2,"FE","ETHZ","SBFI",750703.00
2019,2,"FE","ETHZ","SNF",2978861.97
2019,2,"FE","FHNW","BFE",230072.00
2019,2,"FE","FHNW","EU",129392.00
2019,2,"FE","FHNW","INNOSUISSE",514413.00
2019,2,"FE","FHNW","Kantone",470653.77
2019,2,"FE","FHO","Andere Bund",10000.00
2019,2,"FE","FHO","BFE",1775976.00
2019,2,"FE","FHO","EU",256241.00
2019,2,"FE","FHO","INNOSUISSE",1430612.00
2019,2,"FE","FHO","Kantone",1313647.93
2019,2,"FE","FHO","SNF",42607.50
2019,2,"FE","FHZ","BFE",153760.00
2019,2,"FE","FHZ","INNOSUISSE",544106.00
2019,2,"FE","FHZ","Kantone",920660.36
2019,2,"FE","FHZ","SBFI",73758.00
2019,2,"FE","FHZ","SNF",302743.68
2019,2,"FE","Gemeinde","BFE",22500.00
2019,2,"FE","Gemeinde","SBFI",23511.00
2019,2,"FE","HES-SO","Andere Bund",15833.00
2019,2,"FE","HES-SO","BFE",542460.00
2019,2,"FE","HES-SO","INNOSUISSE",871300.00
2019,2,"FE","HES-SO","Kantone",2667983.62
2019,2,"FE","HES-SO","SBFI",83385.00
2019,2,"FE","Kanton","BFE",35000.00
2019,2,"FE","Kanton","SBFI",110892.00
2019,2,"FE","PSI","BFE",133251.00
2019,2,"FE","PSI","ETH-Rat",7216462.00
2019,2,"FE","PSI","EU",305997.00
2019,2,"FE","PSI","INNOSUISSE",1532297.00
2019,2,"FE","PSI","SNF",499464.51
2019,2,"FE","Privat","Andere Bund",375079.00
2019,2,"FE","Privat","BFE",1786956.00
2019,2,"FE","Privat","EU",1481053.00
2019,2,"FE","Privat","INNOSUISSE",414389.00
2019,2,"FE","Privat","SBFI",2241669.00
2019,2,"FE","SUPSI","Andere Bund",20000.00
2019,2,"FE","SUPSI","BFE",296205.00
2019,2,"FE","SUPSI","EU",79522.00
2019,2,"FE","SUPSI","INNOSUISSE",176462.00
2019,2,"FE","SUPSI","Kantone",260556.05
2019,2,"FE","SUPSI","SBFI",133590.00
2019,2,"FE","SUPSI","SNF",35601.00
2019,2,"FE","USI","INNOSUISSE",205237.00
2019,2,"FE","USI","Kantone",172054.00
2019,2,"FE","UniBE","BFE",14000.00
2019,2,"FE","UniBE","INNOSUISSE",172500.00
2019,2,"FE","UniBE","Kantone",1164186.44
2019,2,"FE","UniBE","SNF",751903.59
2019,2,"FE","UniBS","BFE",24950.00
2019,2,"FE","UniBS","Kantone",1298157.44
2019,2,"FE","UniBS","SNF",600484.36
2019,2,"FE","UniFR","EU",75745.00
2019,2,"FE","UniFR","Kantone",79400.83
2019,2,"FE","UniGE","BFE",268000.00
2019,2,"FE","UniGE","INNOSUISSE",340751.00
2019,2,"FE","UniGE","Kantone",3203340.76
2019,2,"FE","UniGE","SNF",324444.93
2019,2,"FE","UniLS","INNOSUISSE",114500.00
2019,2,"FE","UniLS","Kantone",1451277.62
2019,2,"FE","UniLS","SNF",420916.96
2019,2,"FE","UniNE","INNOSUISSE",187932.00
2019,2,"FE","UniNE","Kantone",764080.68
2019,2,"FE","UniNE","SNF",59052.63
2019,2,"FE","UniZH","BFE",60000.00
2019,2,"FE","UniZH","Kantone",976145.21
2019,2,"FE","UniZH","SNF",366460.36
2019,2,"FE","WSL","Andere Bund",265000.00
2019,2,"FE","WSL","BFE",20000.00
2019,2,"FE","WSL","ETH-Rat",939375.00
2019,2,"FE","WSL","INNOSUISSE",400430.00
2019,2,"FE","ZFH","Andere Bund",51000.00
2019,2,"FE","ZFH","BFE",210486.00
2019,2,"FE","ZFH","INNOSUISSE",1175434.00
2019,2,"FE","ZFH","Kantone",2224800.80
2019,2,"PD","BFH","EU",208071.00
2019,2,"PD","BFH","Kantone",140814.13
2019,2,"PD","CSEM","EU",209943.00
2019,2,"PD","EAWAG","ETH-Rat",19950.00
2019,2,"PD","EMPA","BFE",555072.00
2019,2,"PD","EMPA","ETH-Rat",1321534.70
2019,2,"PD","EMPA","EU",200470.00
2019,2,"PD","EPFL","BFE",348020.00
2019,2,"PD","EPFL","ETH-Rat",1116906.91
2019,2,"PD","EPFL","EU",575956.00
2019,2,"PD","EPFL","SBFI",134932.00
2019,2,"PD","ETHZ","BFE",1760292.00
2019,2,"PD","ETHZ","ETH-Rat",651521.00
2019,2,"PD","FHNW","Kantone",3820.00
2019,2,"PD","FHO","Andere Bund",50000.00
2019,2,"PD","FHO","BFE",53813.00
2019,2,"PD","FHO","EU",92331.00
2019,2,"PD","FHO","Kantone",51676.14
2019,2,"PD","FHZ","EU",23966.00
2019,2,"PD","FHZ","Kantone",22720.46
2019,2,"PD","HES-SO","Andere Bund",110630.00
2019,2,"PD","HES-SO","BFE",105000.00
2019,2,"PD","HES-SO","EU",90051.00
2019,2,"PD","HES-SO","Kantone",329629.53
2019,2,"PD","Kanton","BFE",1550000.00
2019,2,"PD","Kanton","Kantone",143750.00
2019,2,"PD","PSI","BFE",400000.00
2019,2,"PD","PSI","ETH-Rat",2948000.00
2019,2,"PD","Privat","Andere Bund",15000.00
2019,2,"PD","Privat","BFE",3571110.00
2019,2,"PD","Privat","EU",3486338.00
2019,2,"PD","Privat","Kantone",151632.00
2019,2,"PD","Privat","SBFI",1676092.00
2019,2,"PD","SUPSI","EU",546335.00
2019,2,"PD","SUPSI","Kantone",121085.89
2019,2,"PD","WSL","ETH-Rat",28350.00
2019,2,"PD","ZFH","BFE",25000.00
2019,2,"PD","ZFH","Kantone",5744.00
2019,3,"FE","Ausland","ENSI",395063.00
2019,3,"FE","Ausland","EU",5109.00
2019,3,"FE","Bund","BFE",7839.14
2019,3,"FE","Bund","ENSI",593000.00
2019,3,"FE","Bund","EU",7256.00
2019,3,"FE","Bund","SBFI",28350.33
2019,3,"FE","Bund","SNF",15081.96
2019,3,"FE","EAWAG","BFE",95000.00
2019,3,"FE","EAWAG","ETH-Rat",302100.00
2019,3,"FE","EMPA","ETH-Rat",45486.65
2019,3,"FE","EMPA","SBFI",23815.00
2019,3,"FE","EPFL","ETH-Rat",16459087.29
2019,3,"FE","EPFL","EU",9549344.00
2019,3,"FE","EPFL","SBFI",1776336.00
2019,3,"FE","EPFL","SNF",1431563.00
2019,3,"FE","ETHZ","ENSI",240000.00
2019,3,"FE","ETHZ","ETH-Rat",1266994.63
2019,3,"FE","ETHZ","SBFI",72847.00
2019,3,"FE","PSI","ENSI",1163237.00
2019,3,"FE","PSI","ETH-Rat",14476947.00
2019,3,"FE","PSI","EU",891259.00
2019,3,"FE","PSI","SBFI",365468.00
2019,3,"FE","PSI","SNF",296132.85
2019,3,"FE","Privat","EU",272325.00
2019,3,"FE","Privat","SBFI",429592.00
2019,3,"FE","UniBE","Kantone",136279.60
2019,3,"FE","UniBE","SBFI",61879.00
2019,3,"FE","UniBS","EU",80000.00
2019,3,"FE","UniBS","INNOSUISSE",24000.00
2019,3,"FE","UniBS","Kantone",228664.00
2019,3,"FE","UniBS","SBFI",110000.00
2019,3,"FE","UniBS","SNF",24000.00
2019,3,"FE","UniGE","EU",93940.00
2019,3,"FE","UniGE","Kantone",163845.01
2019,3,"FE","UniLS","Kantone",266225.15
2019,3,"FE","UniLS","SNF",94844.13
2019,3,"FE","UniZH","ENSI",60500.00
2019,3,"FE","UniZH","EU",39092.00
2019,3,"FE","UniZH","Kantone",250129.30
2019,4,"FE","Ausland","BFE",167257.00
2019,4,"FE","Bund","Andere Bund",53685.99
2019,4,"FE","Bund","BFE",175335.01
2019,4,"FE","Bund","INNOSUISSE",384851.86
2019,4,"FE","Bund","SBFI",7037.38
2019,4,"FE","Bund","SNF",132499.64
2019,4,"FE","EMPA","ETH-Rat",134064.81
2019,4,"FE","EMPA","EU",70191.00
2019,4,"FE","EPFL","BFE",110000.00
2019,4,"FE","EPFL","EU",83903.00
2019,4,"FE","EPFL","INNOSUISSE",59651.00
2019,4,"FE","EPFL","SBFI",193899.00
2019,4,"FE","EPFL","SNF",584952.42
2019,4,"FE","ETHZ","BFE",605000.00
2019,4,"FE","ETHZ","ETH-Rat",4061870.85
2019,4,"FE","ETHZ","EU",549209.00
2019,4,"FE","ETHZ","INNOSUISSE",870961.00
2019,4,"FE","ETHZ","SBFI",105691.00
2019,4,"FE","ETHZ","SNF",568760.39
2019,4,"FE","FHZ","EU",67486.00
2019,4,"FE","FHZ","Kantone",112176.19
2019,4,"FE","HES-SO","BFE",57480.00
2019,4,"FE","HES-SO","EU",29639.00
2019,4,"FE","HES-SO","INNOSUISSE",120217.00
2019,4,"FE","HES-SO","Kantone",800224.59
2019,4,"FE","PSI","BFE",208284.00
2019,4,"FE","PSI","ETH-Rat",1008214.00
2019,4,"FE","PSI","EU",76174.00
2019,4,"FE","PSI","SNF",248087.50
2019,4,"FE","Privat","BFE",221186.00
2019,4,"FE","Privat","EU",1079528.00
2019,4,"FE","Privat","SNF",350807.99
2019,4,"FE","SUPSI","BFE",32503.00
2019,4,"FE","SUPSI","Kantone",81306.66
2019,4,"FE","SUPSI","SNF",110566.74
2019,4,"FE","UniBE","Kantone",203656.33
2019,4,"FE","UniBE","SNF",102451.77
2019,4,"FE","UniBS","BFE",100000.00
2019,4,"FE","UniBS","INNOSUISSE",994316.00
2019,4,"FE","UniBS","Kantone",1834448.41
2019,4,"FE","UniBS","SNF",108826.23
2019,4,"FE","UniFR","Kantone",449344.61
2019,4,"FE","UniFR","SNF",149824.78
2019,4,"FE","UniGE","BFE",85000.00
2019,4,"FE","UniGE","EU",75746.00
2019,4,"FE","UniGE","INNOSUISSE",369756.00
2019,4,"FE","UniGE","Kantone",2991632.16
2019,4,"FE","UniGE","SBFI",102432.00
2019,4,"FE","UniGE","SNF",347689.34
2019,4,"FE","UniLS","EU",51886.00
2019,4,"FE","UniLS","Kantone",2384452.55
2019,4,"FE","UniLS","SBFI",119863.00
2019,4,"FE","UniLS","SNF",280347.79
2019,4,"FE","UniLU","INNOSUISSE",296621.00
2019,4,"FE","UniLU","Kantone",1399254.96
2019,4,"FE","UniLU","SNF",256850.29
2019,4,"FE","UniNE","BFE",60000.00
2019,4,"FE","UniNE","INNOSUISSE",307137.00
2019,4,"FE","UniNE","Kantone",1242431.07
2019,4,"FE","UniNE","SNF",165014.42
2019,4,"FE","UniSG","INNOSUISSE",841501.00
2019,4,"FE","UniSG","Kantone",1839548.63
2019,4,"FE","UniSG","SNF",149854.89
2019,4,"FE","WSL","ETH-Rat",23478.84
2019,4,"FE","WSL","SNF",9702.00
2019,4,"FE","ZFH","BFE",159450.00
2019,4,"FE","ZFH","EU",81386.00
2019,4,"FE","ZFH","INNOSUISSE",874877.00
2019,4,"FE","ZFH","Kantone",1926023.51
2019,4,"PD","EMPA","ETH-Rat",37634.64
2019,4,"PD","EMPA","EU",19704.00
2019,4,"PD","ETHZ","ETH-Rat",143273.56
2019,4,"PD","ETHZ","EU",78175.00
2019,4,"PD","HES-SO","Kantone",9880.00
2019,4,"PD","PSI","ETH-Rat",327707.00
2019,4,"PD","PSI","EU",27707.00
2019,4,"PD","Privat","Andere Bund",2250000.00
2019,4,"PD","Privat","BFE",318667.00
2019,4,"PD","Privat","EU",98326.00
2019,4,"PD","Privat","Kantone",9880.00
2019,4,"PD","Privat","SBFI",105278.00
2019,4,"PD","SUPSI","EU",73163.00
2019,4,"PD","SUPSI","Kantone",75072.87
2019,4,"PD","SUPSI","SBFI",77792.00
2019,4,"PD","UniBS","EU",178233.00
2019,4,"PD","UniBS","Kantone",390445.08
2019,4,"PD","UniSG","EU",234524.00
2019,4,"PD","UniSG","Kantone",198043.62
2019,4,"PD","ZFH","Kantone",157500.00
2020,1,"FE","Ausland","BFE",216455.00
2020,1,"FE","BFH","BFE",251370.00
2020,1,"FE","BFH","EU",74026.00
2020,1,"FE","BFH","INNOSUISSE",2616343.00
2020,1,"FE","BFH","Kantone",2367210.92
2020,1,"FE","Bund","Andere Bund",341870.25
2020,1,"FE","Bund","BFE",1585500.13
2020,1,"FE","Bund","EU",685116.00
2020,1,"FE","Bund","INNOSUISSE",2880281.71
2020,1,"FE","Bund","SBFI",82143.29
2020,1,"FE","Bund","SNF",342989.94
2020,1,"FE","CSEM","BFE",71700.00
2020,1,"FE","CSEM","EU",246270.00
2020,1,"FE","CSEM","INNOSUISSE",1694747.00
2020,1,"FE","CSEM","SBFI",183815.00
2020,1,"FE","EAWAG","ETH-Rat",318337.00
2020,1,"FE","EAWAG","INNOSUISSE",76188.00
2020,1,"FE","EMPA","Andere Bund",307246.00
2020,1,"FE","EMPA","BFE",740225.00
2020,1,"FE","EMPA","ETH-Rat",23990812.20
2020,1,"FE","EMPA","EU",1497333.00
2020,1,"FE","EMPA","INNOSUISSE",1739866.00
2020,1,"FE","EMPA","SNF",609712.42
2020,1,"FE","EPFL","Andere Bund",10727.00
2020,1,"FE","EPFL","BFE",484310.00
2020,1,"FE","EPFL","ETH-Rat",14687558.86
2020,1,"FE","EPFL","EU",5036044.00
2020,1,"FE","EPFL","INNOSUISSE",4411919.00
2020,1,"FE","EPFL","Kantone",247086.00
2020,1,"FE","EPFL","SNF",3143592.07
2020,1,"FE","ETHZ","BFE",1327063.00
2020,1,"FE","ETHZ","ETH-Rat",16221073.89
2020,1,"FE","ETHZ","EU",2961714.00
2020,1,"FE","ETHZ","INNOSUISSE",5465128.00
2020,1,"FE","ETHZ","SNF",1165213.15
2020,1,"FE","FHNW","BFE",622461.00
2020,1,"FE","FHNW","INNOSUISSE",1880042.00
2020,1,"FE","FHNW","Kantone",832813.85
2020,1,"FE","FHNW","SNF",84972.00
2020,1,"FE","FHZ","Andere Bund",60000.00
2020,1,"FE","FHZ","BFE",292818.00
2020,1,"FE","FHZ","INNOSUISSE",1999710.00
2020,1,"FE","FHZ","Kantone",2941360.59
2020,1,"FE","FHZ","SBFI",140000.00
2020,1,"FE","Gemeinde","EU",92751.00
2020,1,"FE","HES-SO","Andere Bund",34440.00
2020,1,"FE","HES-SO","BFE",446921.00
2020,1,"FE","HES-SO","EU",163345.00
2020,1,"FE","HES-SO","INNOSUISSE",1843686.00
2020,1,"FE","HES-SO","Kantone",3589340.32
2020,1,"FE","HES-SO","SNF",332121.28
2020,1,"FE","Kanton","EU",140454.00
2020,1,"FE","OST","BFE",299500.00
2020,1,"FE","OST","INNOSUISSE",2297862.00
2020,1,"FE","OST","Kantone",1530690.40
2020,1,"FE","PSI","BFE",606640.00
2020,1,"FE","PSI","ETH-Rat",10615855.00
2020,1,"FE","PSI","EU",313082.00
2020,1,"FE","PSI","INNOSUISSE",1811260.00
2020,1,"FE","PSI","SNF",2249932.43
2020,1,"FE","Privat","Andere Bund",54520.00
2020,1,"FE","Privat","BFE",1350393.00
2020,1,"FE","Privat","EU",6354918.00
2020,1,"FE","Privat","INNOSUISSE",1405538.00
2020,1,"FE","Privat","SBFI",273364.00
2020,1,"FE","SUPSI","BFE",249000.00
2020,1,"FE","SUPSI","INNOSUISSE",828110.00
2020,1,"FE","SUPSI","Kantone",443749.57
2020,1,"FE","USI","INNOSUISSE",413255.00
2020,1,"FE","USI","Kantone",216712.68
2020,1,"FE","UniBE","Andere Bund",130000.00
2020,1,"FE","UniBE","INNOSUISSE",225400.00
2020,1,"FE","UniBE","Kantone",401691.87
2020,1,"FE","UniBS","BFE",136000.00
2020,1,"FE","UniBS","EU",135016.00
2020,1,"FE","UniBS","Kantone",611132.56
2020,1,"FE","UniFR","BFE",85000.00
2020,1,"FE","UniFR","INNOSUISSE",172890.00
2020,1,"FE","UniFR","Kantone",1155871.89
2020,1,"FE","UniFR","SNF",507672.08
2020,1,"FE","UniGE","BFE",5000.00
2020,1,"FE","UniGE","EU",394672.00
2020,1,"FE","UniGE","INNOSUISSE",689463.00
2020,1,"FE","UniGE","Kantone",3782869.10
2020,1,"FE","UniGE","SNF",533208.30
2020,1,"FE","UniNE","INNOSUISSE",28963.00
2020,1,"FE","UniNE","Kantone",53268.76
2020,1,"FE","UniSG","BFE",60000.00
2020,1,"FE","UniSG","INNOSUISSE",60000.00
2020,1,"FE","UniSG","Kantone",124977.19
2020,1,"FE","UniZH","INNOSUISSE",311823.00
2020,1,"FE","UniZH","Kantone",1674997.47
2020,1,"FE","UniZH","SNF",353613.68
2020,1,"FE","ZFH","BFE",92000.00
2020,1,"FE","ZFH","EU",281189.00
2020,1,"FE","ZFH","INNOSUISSE",1700889.00
2020,1,"FE","ZFH","Kantone",4276284.95
2020,1,"FE","ZFH","SNF",268485.14
2020,1,"PD","BFH","BFE",117000.00
2020,1,"PD","BFH","Kantone",78390.00
2020,1,"PD","CSEM","EU",821618.00
2020,1,"PD","EMPA","Andere Bund",105145.00
2020,1,"PD","EMPA","BFE",90000.00
2020,1,"PD","EMPA","ETH-Rat",798659.88
2020,1,"PD","EMPA","EU",24558.00
2020,1,"PD","EPFL","BFE",434400.00
2020,1,"PD","EPFL","ETH-Rat",3047494.14
2020,1,"PD","EPFL","EU",956088.00
2020,1,"PD","EPFL","Kantone",103118.00
2020,1,"PD","EPFL","SBFI",111020.00
2020,1,"PD","ETHZ","BFE",1022212.00
2020,1,"PD","ETHZ","ETH-Rat",435247.16
2020,1,"PD","ETHZ","EU",121565.00
2020,1,"PD","FHNW","Kantone",179659.00
2020,1,"PD","FHZ","Andere Bund",20000.00
2020,1,"PD","FHZ","BFE",168404.00
2020,1,"PD","FHZ","EU",171409.00
2020,1,"PD","FHZ","Kantone",208196.23
2020,1,"PD","HES-SO","Andere Bund",12924.00
2020,1,"PD","HES-SO","BFE",344000.00
2020,1,"PD","HES-SO","EU",218265.00
2020,1,"PD","HES-SO","Kantone",864332.07
2020,1,"PD","HES-SO","SBFI",147007.00
2020,1,"PD","Kanton","BFE",68000.00
2020,1,"PD","Kanton","EU",30099.00
2020,1,"PD","Kanton","Kantone",442000.00
2020,1,"PD","OST","Andere Bund",210000.00
2020,1,"PD","OST","EU",54402.00
2020,1,"PD","OST","Kantone",85164.18
2020,1,"PD","PSI","ETH-Rat",1124082.00
2020,1,"PD","PSI","EU",46703.00
2020,1,"PD","Privat","Andere Bund",376080.00
2020,1,"PD","Privat","BFE",5744309.00
2020,1,"PD","Privat","EU",6324896.00
2020,1,"PD","Privat","Kantone",47371.00
2020,1,"PD","Privat","SBFI",68612.00
2020,1,"PD","SUPSI","BFE",50000.00
2020,1,"PD","SUPSI","EU",502054.00
2020,1,"PD","SUPSI","Kantone",195890.82
2020,1,"PD","USI","BFE",110000.00
2020,1,"PD","USI","Kantone",197242.00
2020,1,"PD","UniSG","EU",168100.00
2020,1,"PD","UniSG","Kantone",228212.78
2020,1,"PD","ZFH","EU",111756.00
2020,1,"PD","ZFH","Kantone",234811.60
2020,2,"FE","Ausland","BFE",415129.00
2020,2,"FE","BFH","BFE",70934.00
2020,2,"FE","BFH","INNOSUISSE",234070.00
2020,2,"FE","BFH","Kantone",365215.82
2020,2,"FE","Bund","Andere Bund",317658.24
2020,2,"FE","Bund","BFE",1542377.07
2020,2,"FE","Bund","EU",186929.00
2020,2,"FE","Bund","INNOSUISSE",1480488.66
2020,2,"FE","Bund","SBFI",117394.39
2020,2,"FE","Bund","SNF",464172.71
2020,2,"FE","CSEM","BFE",210000.00
2020,2,"FE","CSEM","EU",316444.00
2020,2,"FE","CSEM","INNOSUISSE",1520778.00
2020,2,"FE","CSEM","SBFI",5000000.00
2020,2,"FE","CSEM","SNF",815314.32
2020,2,"FE","EAWAG","Andere Bund",287030.00
2020,2,"FE","EAWAG","ETH-Rat",1480180.74
2020,2,"FE","EAWAG","EU",71124.00
2020,2,"FE","EAWAG","INNOSUISSE",97910.00
2020,2,"FE","EAWAG","SNF",47611.25
2020,2,"FE","EMPA","BFE",465192.00
2020,2,"FE","EMPA","ETH-Rat",12562750.84
2020,2,"FE","EMPA","EU",262410.00
2020,2,"FE","EMPA","INNOSUISSE",467748.00
2020,2,"FE","EMPA","Kantone",63000.00
2020,2,"FE","EMPA","SBFI",153500.00
2020,2,"FE","EMPA","SNF",609102.89
2020,2,"FE","EPFL","Andere Bund",198000.00
2020,2,"FE","EPFL","BFE",649880.00
2020,2,"FE","EPFL","ETH-Rat",12702041.89
2020,2,"FE","EPFL","EU",3118997.00
2020,2,"FE","EPFL","INNOSUISSE",1832549.00
2020,2,"FE","EPFL","SBFI",144589.00
2020,2,"FE","EPFL","SNF",5976134.18
2020,2,"FE","ETHZ","Andere Bund",142000.00
2020,2,"FE","ETHZ","BFE",851902.00
2020,2,"FE","ETHZ","ETH-Rat",10601595.58
2020,2,"FE","ETHZ","EU",1455426.00
2020,2,"FE","ETHZ","INNOSUISSE",2290263.00
2020,2,"FE","ETHZ","SBFI",264861.00
2020,2,"FE","ETHZ","SNF",1512788.61
2020,2,"FE","FHGR","BFE",39901.00
2020,2,"FE","FHGR","Kantone",6589.91
2020,2,"FE","FHNW","BFE",395777.00
2020,2,"FE","FHNW","EU",124846.00
2020,2,"FE","FHNW","INNOSUISSE",693137.00
2020,2,"FE","FHNW","Kantone",329394.21
2020,2,"FE","FHZ","BFE",305505.00
2020,2,"FE","FHZ","INNOSUISSE",1235524.00
2020,2,"FE","FHZ","Kantone",1271588.52
2020,2,"FE","FHZ","SNF",303300.98
2020,2,"FE","Gemeinde","EU",28929.00
2020,2,"FE","Gemeinde","SBFI",15674.00
2020,2,"FE","HES-SO","BFE",341015.00
2020,2,"FE","HES-SO","INNOSUISSE",568751.00
2020,2,"FE","HES-SO","Kantone",1479194.76
2020,2,"FE","HES-SO","SBFI",55590.00
2020,2,"FE","Kanton","BFE",120000.00
2020,2,"FE","Kanton","SBFI",73928.00
2020,2,"FE","OST","BFE",1635802.00
2020,2,"FE","OST","EU",401166.00
2020,2,"FE","OST","INNOSUISSE",2080309.00
2020,2,"FE","OST","Kantone",1560579.32
2020,2,"FE","OST","SNF",403227.90
2020,2,"FE","PSI","BFE",145119.00
2020,2,"FE","PSI","ETH-Rat",8581041.00
2020,2,"FE","PSI","EU",471192.00
2020,2,"FE","PSI","INNOSUISSE",1487527.00
2020,2,"FE","PSI","SNF",736140.32
2020,2,"FE","Privat","Andere Bund",253898.00
2020,2,"FE","Privat","BFE",1831425.00
2020,2,"FE","Privat","EU",2285173.00
2020,2,"FE","Privat","SBFI",593806.00
2020,2,"FE","Privat","SNF",135486.91
2020,2,"FE","SUPSI","BFE",317500.00
2020,2,"FE","SUPSI","EU",76728.00
2020,2,"FE","SUPSI","INNOSUISSE",505112.00
2020,2,"FE","SUPSI","Kantone",299674.17
2020,2,"FE","SUPSI","SBFI",68388.00
2020,2,"FE","SUPSI","SNF",106804.00
2020,2,"FE","USI","INNOSUISSE",275385.00
2020,2,"FE","USI","Kantone",271289.21
2020,2,"FE","UniBE","EU",241666.00
2020,2,"FE","UniBE","INNOSUISSE",172500.00
2020,2,"FE","UniBE","Kantone",1338308.99
2020,2,"FE","UniBE","SNF",854402.35
2020,2,"FE","UniBS","BFE",40000.00
2020,2,"FE","UniBS","Kantone",1224312.64
2020,2,"FE","UniBS","SNF",560275.16
2020,2,"FE","UniFR","EU",108880.00
2020,2,"FE","UniFR","Kantone",211007.29
2020,2,"FE","UniFR","SNF",103405.94
2020,2,"FE","UniGE","BFE",150040.00
2020,2,"FE","UniGE","EU",199527.00
2020,2,"FE","UniGE","INNOSUISSE",226196.00
2020,2,"FE","UniGE","Kantone",1408944.14
2020,2,"FE","UniGE","SNF",161632.49
2020,2,"FE","UniLS","INNOSUISSE",110782.00
2020,2,"FE","UniLS","Kantone",288011.24
2020,2,"FE","UniLS","SNF",54266.28
2020,2,"FE","UniNE","EU",126019.00
2020,2,"FE","UniNE","INNOSUISSE",143408.00
2020,2,"FE","UniNE","Kantone",989819.18
2020,2,"FE","UniZH","BFE",110930.00
2020,2,"FE","UniZH","Kantone",2185136.87
2020,2,"FE","UniZH","SNF",96611.65
2020,2,"FE","WSL","Andere Bund",142000.00
2020,2,"FE","WSL","BFE",43620.00
2020,2,"FE","WSL","ETH-Rat",866863.96
2020,2,"FE","WSL","INNOSUISSE",405178.00
2020,2,"FE","WSL","SNF",73321.25
2020,2,"FE","ZFH","Andere Bund",77000.00
2020,2,"FE","ZFH","BFE",299248.00
2020,2,"FE","ZFH","INNOSUISSE",776142.00
2020,2,"FE","ZFH","Kantone",2915965.43
2020,2,"PD","BFH","EU",200760.00
2020,2,"PD","BFH","Kantone",140432.08
2020,2,"PD","CSEM","EU",681293.00
2020,2,"PD","CSEM","SBFI",286280.00
2020,2,"PD","EMPA","BFE",130000.00
2020,2,"PD","EMPA","ETH-Rat",1273299.00
2020,2,"PD","EMPA","EU",244154.00
2020,2,"PD","EMPA","SBFI",21446.00
2020,2,"PD","EPFL","BFE",250000.00
2020,2,"PD","EPFL","ETH-Rat",1851678.44
2020,2,"PD","EPFL","EU",1215182.00
2020,2,"PD","EPFL","SBFI",202752.00
2020,2,"PD","ETHZ","BFE",1434676.00
2020,2,"PD","ETHZ","ETH-Rat",1398587.44
2020,2,"PD","ETHZ","SBFI",422289.00
2020,2,"PD","FHNW","Kantone",2420.00
2020,2,"PD","FHZ","EU",138365.00
2020,2,"PD","FHZ","Kantone",82649.42
2020,2,"PD","Gemeinde","SBFI",539571.00
2020,2,"PD","HES-SO","BFE",220000.00
2020,2,"PD","HES-SO","EU",259950.00
2020,2,"PD","HES-SO","Kantone",700004.48
2020,2,"PD","Kanton","BFE",1500000.00
2020,2,"PD","OST","Andere Bund",85000.00
2020,2,"PD","OST","EU",151947.00
2020,2,"PD","OST","Kantone",160302.32
2020,2,"PD","OST","SBFI",260730.00
2020,2,"PD","PSI","ETH-Rat",2916657.00
2020,2,"PD","PSI","SNF",141457.00
2020,2,"PD","Privat","Andere Bund",34710.00
2020,2,"PD","Privat","BFE",2339409.00
2020,2,"PD","Privat","EU",5557693.00
2020,2,"PD","Privat","SBFI",2163404.00
2020,2,"PD","SUPSI","BFE",20000.00
2020,2,"PD","SUPSI","EU",527139.00
2020,2,"PD","SUPSI","Kantone",177598.00
2020,2,"PD","ZFH","BFE",85000.00
2020,2,"PD","ZFH","Kantone",14312.00
2020,3,"FE","Ausland","ENSI",429129.00
2020,3,"FE","Ausland","EU",37543.00
2020,3,"FE","Bund","BFE",10238.82
2020,3,"FE","Bund","ENSI",614896.00
2020,3,"FE","Bund","EU",2908.00
2020,3,"FE","Bund","SBFI",9246.37
2020,3,"FE","Bund","SNF",18982.82
2020,3,"FE","EAWAG","BFE",100000.00
2020,3,"FE","EAWAG","ETH-Rat",318000.00
2020,3,"FE","EPFL","ETH-Rat",19496618.45
2020,3,"FE","EPFL","EU",6704544.00
2020,3,"FE","EPFL","SBFI",1366308.00
2020,3,"FE","EPFL","SNF",1363120.00
2020,3,"FE","ETHZ","ENSI",240000.00
2020,3,"FE","ETHZ","ETH-Rat",1099053.44
2020,3,"FE","HES-SO","EU",11446.00
2020,3,"FE","HES-SO","Kantone",13805.32
2020,3,"FE","PSI","ENSI",1153276.00
2020,3,"FE","PSI","ETH-Rat",15373388.00
2020,3,"FE","PSI","EU",1156178.00
2020,3,"FE","PSI","SBFI",42966.00
2020,3,"FE","PSI","SNF",294193.51
2020,3,"FE","Privat","EU",339389.00
2020,3,"FE","UniBE","EU",19629.00
2020,3,"FE","UniBE","Kantone",100683.43
2020,3,"FE","UniBS","EU",95000.00
2020,3,"FE","UniBS","INNOSUISSE",41000.00
2020,3,"FE","UniBS","Kantone",472863.26
2020,3,"FE","UniBS","SBFI",110000.00
2020,3,"FE","UniBS","SNF",172613.53
2020,3,"FE","UniGE","EU",139742.00
2020,3,"FE","UniGE","Kantone",253475.80
2020,3,"FE","UniLS","Kantone",278332.86
2020,3,"FE","UniLS","SNF",95018.63
2020,3,"FE","UniZH","ENSI",60500.00
2020,3,"FE","UniZH","EU",64333.00
2020,3,"FE","UniZH","Kantone",332292.35
2020,3,"PD","PSI","ETH-Rat",17990.00
2020,3,"PD","PSI","EU",17990.00
2020,4,"FE","Ausland","BFE",64500.00
2020,4,"FE","BFH","Kantone",34517.64
2020,4,"FE","BFH","SNF",49346.00
2020,4,"FE","Bund","Andere Bund",51739.67
2020,4,"FE","Bund","BFE",210469.33
2020,4,"FE","Bund","INNOSUISSE",525695.53
2020,4,"FE","Bund","SNF",98255.28
2020,4,"FE","EAWAG","ETH-Rat",136374.30
2020,4,"FE","EAWAG","EU",42885.00
2020,4,"FE","EMPA","ETH-Rat",268978.64
2020,4,"FE","EMPA","EU",105727.00
2020,4,"FE","EMPA","SNF",35098.80
2020,4,"FE","EPFL","BFE",265000.00
2020,4,"FE","EPFL","EU",138077.00
2020,4,"FE","EPFL","INNOSUISSE",36284.00
2020,4,"FE","EPFL","Kantone",30291.00
2020,4,"FE","EPFL","SNF",536960.25
2020,4,"FE","ETHZ","BFE",458000.00
2020,4,"FE","ETHZ","ETH-Rat",4857136.82
2020,4,"FE","ETHZ","EU",1277507.00
2020,4,"FE","ETHZ","INNOSUISSE",989864.00
2020,4,"FE","ETHZ","SNF",327905.90
2020,4,"FE","FHZ","BFE",3000.00
2020,4,"FE","FHZ","EU",65115.00
2020,4,"FE","FHZ","INNOSUISSE",213000.00
2020,4,"FE","FHZ","Kantone",159313.67
2020,4,"FE","HES-SO","BFE",80000.00
2020,4,"FE","HES-SO","EU",28598.00
2020,4,"FE","HES-SO","INNOSUISSE",156273.00
2020,4,"FE","HES-SO","Kantone",640530.85
2020,4,"FE","PSI","ETH-Rat",377849.00
2020,4,"FE","PSI","EU",55023.00
2020,4,"FE","PSI","SNF",276189.56
2020,4,"FE","Privat","BFE",190304.00
2020,4,"FE","Privat","EU",1386986.00
2020,4,"FE","Privat","SNF",249708.67
2020,4,"FE","USI","INNOSUISSE",389199.00
2020,4,"FE","USI","Kantone",915340.44
2020,4,"FE","UniBE","BFE",110000.00
2020,4,"FE","UniBE","Kantone",580189.31
2020,4,"FE","UniBE","SNF",185072.16
2020,4,"FE","UniBS","BFE",122630.00
2020,4,"FE","UniBS","INNOSUISSE",895163.00
2020,4,"FE","UniBS","Kantone",1837436.94
2020,4,"FE","UniGE","BFE",210500.00
2020,4,"FE","UniGE","EU",742413.00
2020,4,"FE","UniGE","INNOSUISSE",369352.00
2020,4,"FE","UniGE","Kantone",3294440.21
2020,4,"FE","UniGE","SNF",226692.32
2020,4,"FE","UniLS","EU",50063.00
2020,4,"FE","UniLS","Kantone",999558.26
2020,4,"FE","UniLS","SNF",164228.11
2020,4,"FE","UniLU","INNOSUISSE",258756.00
2020,4,"FE","UniLU","Kantone",1465798.21
2020,4,"FE","UniLU","SNF",257322.86
2020,4,"FE","UniNE","BFE",70000.00
2020,4,"FE","UniNE","INNOSUISSE",307137.00
2020,4,"FE","UniNE","Kantone",1053480.77
2020,4,"FE","UniNE","SNF",165318.71
2020,4,"FE","UniSG","INNOSUISSE",835365.00
2020,4,"FE","UniSG","Kantone",1812783.55
2020,4,"FE","UniSG","SNF",218218.12
2020,4,"FE","ZFH","BFE",115000.00
2020,4,"FE","ZFH","EU",133937.00
2020,4,"FE","ZFH","INNOSUISSE",875506.00
2020,4,"FE","ZFH","Kantone",1904201.68
2020,4,"PD","EMPA","ETH-Rat",147838.88
2020,4,"PD","EMPA","EU",75428.00
2020,4,"PD","ETHZ","BFE",100000.00
2020,4,"PD","ETHZ","ETH-Rat",295721.88
2020,4,"PD","ETHZ","EU",75428.00
2020,4,"PD","PSI","ETH-Rat",538561.00
2020,4,"PD","PSI","EU",159961.00
2020,4,"PD","Privat","Andere Bund",2700000.00
2020,4,"PD","Privat","BFE",266667.00
2020,4,"PD","Privat","EU",393613.00
2020,4,"PD","SUPSI","EU",180042.00
2020,4,"PD","SUPSI","Kantone",90347.22
2020,4,"PD","UniBS","EU",199449.00
2020,4,"PD","UniBS","Kantone",432818.03
2020,4,"PD","UniSG","EU",226284.00
2020,4,"PD","UniSG","Kantone",266650.02
2020,4,"PD","ZFH","Kantone",135000.00